State,County,Fips,Rate,Surprise,Duration,Participant
NM,De Baca County,35011,0.513,-0.012967512704666785,178,choropleth-5b64cf6dae3bd50001a2b142
NM,San Miguel County,35047,0.6920000000000001,0.41703801681455255,829,choropleth-5b64cf6dae3bd50001a2b142
TX,Randall County,48381,0.47,-0.3674539071017245,227,choropleth-5b64cf6dae3bd50001a2b142
TX,Oldham County,48359,0.345,-0.1368350747338029,451,choropleth-5b64cf6dae3bd50001a2b142
OK,Kay County,40071,0.444,-0.2927780285852877,147,choropleth-5b64cf6dae3bd50001a2b142
KS,Montgomery County,20125,0.47100000000000003,-0.17418470631505162,191,choropleth-5b64cf6dae3bd50001a2b142
OK,Rogers County,40131,0.48200000000000004,-0.24360523192597552,145,choropleth-5b64cf6dae3bd50001a2b142
OK,Woodward County,40153,0.389,-0.32333207862566776,170,choropleth-5b64cf6dae3bd50001a2b142
OK,Custer County,40039,0.49700000000000005,-0.09606693047168857,963,choropleth-5b64cf6dae3bd50001a2b142
OK,Dewey County,40043,0.258,-0.3043115866036902,405,choropleth-5b64cf6dae3bd50001a2b142
NM,Lea County,35025,0.45299999999999996,-0.3358751388871228,222,choropleth-5b64cf6dae3bd50001a2b142
TX,Gaines County,48165,0.221,-0.7206542695251202,2840,choropleth-5b64cf6dae3bd50001a2b142
CO,Las Animas County,8071,0.628,0.18253903152351952,155,choropleth-5b64cf6dae3bd50001a2b142
CO,Cheyenne County,8017,0.342,-0.12945576245894347,141,choropleth-5b64cf6dae3bd50001a2b142
NE,McPherson County,31117,0.14800000000000002,-0.13570729775798426,2549,choropleth-5b64cf6dae3bd50001a2b142
NE,McPherson County,31117,0.14800000000000002,-0.13570729775798426,1735,choropleth-5b64cf6dae3bd50001a2b142
ME,Waldo County,23027,0.735,0.6373732330568986,232,choropleth-5b64cf6dae3bd50001a2b142
ME,Hancock County,23009,0.795,0.9686709107928096,295,choropleth-5b64cf6dae3bd50001a2b142
ME,Washington County,23029,0.748,0.6031434889166178,1778,choropleth-5b64cf6dae3bd50001a2b142
AZ,Apache County,4001,0.95,1.7460433431494484,187,choropleth-5b64cf6dae3bd50001a2b142
AZ,Coconino County,4005,0.8,1.5834475233116283,2388,choropleth-5b64cf6dae3bd50001a2b142
AZ,Coconino County,4005,0.8,1.5834475233116283,383,choropleth-5b64cf6dae3bd50001a2b142
AZ,Coconino County,4005,0.8,1.5834475233116283,518,choropleth-5b64cf6dae3bd50001a2b142
AZ,Coconino County,4005,0.8,1.5834475233116283,1027,choropleth-5b64cf6dae3bd50001a2b142
AZ,Navajo County,4017,0.8079999999999999,1.4363523984361974,189,choropleth-5b64cf6dae3bd50001a2b142
AZ,Apache County,4001,0.95,1.7460433431494484,198,choropleth-5b64cf6dae3bd50001a2b142
AZ,Coconino County,4005,0.8,1.5834475233116283,1632,choropleth-5b64cf6dae3bd50001a2b142
TX,Borden County,48033,0.31,-0.09040109846315424,154,choropleth-5b64cf6dae3bd50001a2b142
TX,Dawson County,48115,0.34,-0.3441207191625021,127,choropleth-5b64cf6dae3bd50001a2b142
TX,Washington County,48477,0.507,-0.07677728205446732,134,choropleth-5b64cf6dae3bd50001a2b142
TX,Travis County,48453,0.7090000000000001,3.05769207327524,188,choropleth-5b64cf6dae3bd50001a2b142
AZ,Apache County,4001,0.95,1.7460433431494484,238,choropleth-5b64cf6dae3bd50001a2b142
AZ,Coconino County,4005,0.8,1.5834475233116283,346,choropleth-5b64cf6dae3bd50001a2b142
AZ,Mohave County,4015,0.429,-0.7521431050576992,298,choropleth-5b64cf6dae3bd50001a2b142
AZ,Coconino County,4005,0.8,1.5834475233116283,886,choropleth-5b64cf6dae3bd50001a2b142
NM,Cibola County,35006,0.737,0.5281412120477975,150,choropleth-5b64cf6dae3bd50001a2b142
OK,Pottawatomie County,40125,0.513,-0.08351250560414529,197,choropleth-5b64cf6dae3bd50001a2b142
OK,Delaware County,40041,0.435,-0.3204892921135579,262,choropleth-5b64cf6dae3bd50001a2b142
OK,Rogers County,40131,0.48200000000000004,-0.24360523192597552,263,choropleth-5b64cf6dae3bd50001a2b142
TX,Panola County,48365,0.377,-0.3751283224531114,145,choropleth-5b64cf6dae3bd50001a2b142
TX,Frio County,48163,0.691,0.35779339897797546,218,choropleth-5b64cf6dae3bd50001a2b142
TX,Real County,48385,0.498,-0.0322298655781843,137,choropleth-5b64cf6dae3bd50001a2b142
TX,Edwards County,48137,0.8690000000000001,0.23461695282119505,1309,choropleth-5b64cf6dae3bd50001a2b142
AZ,Coconino County,4005,0.8,1.5834475233116283,1714,choropleth-5b64cf6dae3bd50001a2b142
CA,Imperial County,6025,0.95,2.739030604132357,420,choropleth-5b64cf6dae3bd50001a2b142
WV,Jefferson County,54037,0.657,0.47089217312451814,225,choropleth-5b64cf6dae3bd50001a2b142
MD,Montgomery County,24031,0.9109999999999999,5.732712717544451,2179,choropleth-5b64cf6dae3bd50001a2b142
ID,Butte County,16023,0.503,-0.02390630880312142,524,choropleth-5b64cf6dae3bd50001a2b142
ID,Camas County,16025,0.439,-0.04942526050361832,276,choropleth-5b64cf6dae3bd50001a2b142
ID,Blaine County,16013,0.8420000000000001,0.7408524119881698,830,choropleth-5b64cf6dae3bd50001a2b142
WY,Fremont County,56013,0.545,0.03933962904635249,366,choropleth-5b64cf6dae3bd50001a2b142
WY,Park County,56029,0.473,-0.16141630243489313,144,choropleth-5b64cf6dae3bd50001a2b142
WY,Teton County,56039,0.95,1.0060044399252084,619,choropleth-5b64cf6dae3bd50001a2b142
MT,Custer County,30017,0.451,-0.1382034440882021,232,choropleth-5b64cf6dae3bd50001a2b142
MT,Rosebud County,30087,0.8640000000000001,0.49572733497704474,2331,choropleth-5b64cf6dae3bd50001a2b142
CA,Lassen County,6035,0.386,-0.40562861721507465,907,choropleth-5e6bba5459a3bd17473d4d6a
AZ,Coconino County,4005,0.8,1.5834475233116283,3426,choropleth-5e6bba5459a3bd17473d4d6a
AZ,Navajo County,4017,0.8079999999999999,1.4363523984361974,1683,choropleth-5e6bba5459a3bd17473d4d6a
AZ,Apache County,4001,0.95,1.7460433431494484,186,choropleth-5e6bba5459a3bd17473d4d6a
NM,Cibola County,35006,0.737,0.5281412120477975,289,choropleth-5e6bba5459a3bd17473d4d6a
AZ,Apache County,4001,0.95,1.7460433431494484,1252,choropleth-5e6bba5459a3bd17473d4d6a
NM,McKinley County,35031,0.95,1.739843105951271,1809,choropleth-5e6bba5459a3bd17473d4d6a
NM,San Juan County,35045,0.7759999999999999,1.343451361608421,121,choropleth-5e6bba5459a3bd17473d4d6a
MT,Wheatland County,30107,0.366,-0.12193127070442543,148,choropleth-5e6bba5459a3bd17473d4d6a
MT,Powder River County,30075,0.23399999999999999,-0.1942842537332661,476,choropleth-5e6bba5459a3bd17473d4d6a
MT,Rosebud County,30087,0.8640000000000001,0.49572733497704474,4717,choropleth-5e6bba5459a3bd17473d4d6a
UT,Morgan County,49029,0.552,0.034114045994408114,271,choropleth-5ea89fec16db5330d387423e
VA,King and Queen County,51097,0.522,-0.014003555035813752,257,choropleth-5ea89fec16db5330d387423e
OK,Beaver County,40007,0.327,-0.23756833798674828,140,choropleth-5ea89fec16db5330d387423e
TX,Hill County,48217,0.414,-0.3594113246875541,189,choropleth-5ea89fec16db5330d387423e
TX,Howard County,48227,0.38299999999999995,-0.4530667101328981,246,choropleth-5ea89fec16db5330d387423e
TX,Irion County,48235,0.95,0.2594843814464308,5954,choropleth-5ea89fec16db5330d387423e
TX,Upton County,48461,0.4,-0.12725642348671512,134,choropleth-5ea89fec16db5330d387423e
TX,Pecos County,48371,0.584,0.1028856860839322,200,choropleth-5ea89fec16db5330d387423e
TX,Reeves County,48389,0.853,0.639807556706262,3421,choropleth-5ea89fec16db5330d387423e
TX,Jeff Davis County,48243,0.515,-0.013274182421839103,198,choropleth-5ea89fec16db5330d387423e
TX,Presidio County,48377,0.9470000000000001,0.5366193235317955,1886,choropleth-5ea89fec16db5330d387423e
TX,Reeves County,48389,0.853,0.639807556706262,948,choropleth-5ea89fec16db5330d387423e
TX,Kimble County,48267,0.425,-0.11245487493377047,206,choropleth-5ea89fec16db5330d387423e
TX,Uvalde County,48463,0.5529999999999999,0.05325351112335152,181,choropleth-5ea89fec16db5330d387423e
TX,Edwards County,48137,0.8690000000000001,0.23461695282119505,474,choropleth-5ea89fec16db5330d387423e
CA,San Bernardino County,6071,0.593,1.3987943703044003,161,choropleth-5ea89fec16db5330d387423e
AZ,Coconino County,4005,0.8,1.5834475233116283,3859,choropleth-5ea89fec16db5330d387423e
AZ,Coconino County,4005,0.8,1.5834475233116283,419,choropleth-5ea89fec16db5330d387423e
AZ,Navajo County,4017,0.8079999999999999,1.4363523984361974,2385,choropleth-5ea89fec16db5330d387423e
AZ,Apache County,4001,0.95,1.7460433431494484,166,choropleth-5ea89fec16db5330d387423e
NM,San Juan County,35045,0.7759999999999999,1.343451361608421,281,choropleth-5ea89fec16db5330d387423e
AZ,Apache County,4001,0.95,1.7460433431494484,3189,choropleth-5ea89fec16db5330d387423e
NM,McKinley County,35031,0.95,1.739843105951271,265,choropleth-5ea89fec16db5330d387423e
NM,McKinley County,35031,0.95,1.739843105951271,1468,choropleth-5ea89fec16db5330d387423e
NM,San Juan County,35045,0.7759999999999999,1.343451361608421,134,choropleth-5ea89fec16db5330d387423e
NM,Rio Arriba County,35039,0.816,0.881017225115326,1121,choropleth-5ea89fec16db5330d387423e
NM,Taos County,35055,0.8540000000000001,0.9157604068134019,1266,choropleth-5ea89fec16db5330d387423e
NM,Mora County,35033,0.662,0.13825397218496457,214,choropleth-5ea89fec16db5330d387423e
NM,San Miguel County,35047,0.6920000000000001,0.41703801681455255,338,choropleth-5ea89fec16db5330d387423e
AZ,Cochise County,4003,0.68,0.8249682332318884,498,choropleth-5ea89fec16db5330d387423e
AZ,Santa Cruz County,4023,0.95,1.4097352702484813,1286,choropleth-5ea89fec16db5330d387423e
AZ,Yuma County,4027,0.731,1.4367141459366077,262,choropleth-5ea89fec16db5330d387423e
CA,Imperial County,6025,0.95,2.739030604132357,4689,choropleth-5ea89fec16db5330d387423e
CA,Kern County,6029,0.55,0.2631669635558333,169,choropleth-5ea89fec16db5330d387423e
CA,Fresno County,6019,0.63,1.523954742086086,233,choropleth-5ea89fec16db5330d387423e
CA,San Benito County,6069,0.6890000000000001,0.6195714136948696,215,choropleth-5ea89fec16db5330d387423e
CA,Santa Clara County,6085,0.885,7.072276594546258,1633,choropleth-5ea89fec16db5330d387423e
CA,Alameda County,6001,0.847,5.983727166036781,266,choropleth-5ea89fec16db5330d387423e
CA,Contra Costa County,6013,0.838,4.909438081428976,1090,choropleth-5ea89fec16db5330d387423e
CA,Marin County,6041,0.914,2.981976509179489,2939,choropleth-5ea89fec16db5330d387423e
CA,Marin County,6041,0.914,2.981976509179489,253,choropleth-5ea89fec16db5330d387423e
CA,Sonoma County,6097,0.8,2.8928714674001115,1398,choropleth-5ea89fec16db5330d387423e
CA,Napa County,6055,0.8009999999999999,1.557758102072869,1049,choropleth-5ea89fec16db5330d387423e
CA,San Francisco County,6075,0.86,4.620349102604375,241,choropleth-5ea89fec16db5330d387423e
CA,Alameda County,6001,0.847,5.983727166036781,201,choropleth-5ea89fec16db5330d387423e
KS,Ford County,20057,0.47600000000000003,-0.16448038691539943,182,choropleth-5ea89fec16db5330d387423e
KS,Comanche County,20033,0.465,-0.044241158833774476,451,choropleth-5ea89fec16db5330d387423e
KS,Clark County,20025,0.47600000000000003,-0.04010865249962392,240,choropleth-5ea89fec16db5330d387423e
KS,Clark County,20025,0.47600000000000003,-0.04010865249962392,129,choropleth-5ea89fec16db5330d387423e
KS,Clark County,20025,0.47600000000000003,-0.04010865249962392,136,choropleth-5ea89fec16db5330d387423e
CO,Gunnison County,8051,0.706,0.363173915950218,321,choropleth-5ea89fec16db5330d387423e
CO,San Miguel County,8113,0.853,0.45868424542779646,1164,choropleth-5ea89fec16db5330d387423e
CO,San Juan County,8111,0.95,0.17879280666228267,1551,choropleth-5ea89fec16db5330d387423e
CO,Mineral County,8079,0.871,0.14903307852593034,1017,choropleth-5ea89fec16db5330d387423e
CO,Gunnison County,8051,0.706,0.363173915950218,382,choropleth-5ea89fec16db5330d387423e
CO,Pitkin County,8097,0.857,0.6828199187561653,1521,choropleth-5ea89fec16db5330d387423e
CO,Eagle County,8037,0.8440000000000001,1.1486470773394435,618,choropleth-5ea89fec16db5330d387423e
CO,Summit County,8117,0.867,0.927412258893265,582,choropleth-5ea89fec16db5330d387423e
CO,Boulder County,8013,0.809,2.4427113970919905,712,choropleth-5ea89fec16db5330d387423e
CO,Montezuma County,8083,0.711,0.4570684108067698,131,choropleth-5ea89fec16db5330d387423e
UT,Garfield County,49017,0.5820000000000001,0.055898774786643825,1144,choropleth-5ea89fec16db5330d387423e
CA,Mono County,6051,UNK,173,choropleth-5ea89fec16db5330d387423e
CA,Marin County,6041,0.914,2.981976509179489,2867,choropleth-5ea89fec16db5330d387423e
CA,Sonoma County,6097,0.8,2.8928714674001115,1120,choropleth-5ea89fec16db5330d387423e
CA,Marin County,6041,0.914,2.981976509179489,648,choropleth-5ea89fec16db5330d387423e
CA,Napa County,6055,0.8009999999999999,1.557758102072869,881,choropleth-5ea89fec16db5330d387423e
CA,Sonoma County,6097,0.8,2.8928714674001115,153,choropleth-5ea89fec16db5330d387423e
CA,Marin County,6041,0.914,2.981976509179489,1482,choropleth-5ea89fec16db5330d387423e
CA,Contra Costa County,6013,0.838,4.909438081428976,1417,choropleth-5ea89fec16db5330d387423e
CA,Alameda County,6001,0.847,5.983727166036781,1001,choropleth-5ea89fec16db5330d387423e
CA,San Mateo County,6081,0.865,4.3888167434925895,1001,choropleth-5ea89fec16db5330d387423e
CA,Santa Cruz County,6087,0.805,2.209479767952157,1265,choropleth-5ea89fec16db5330d387423e
CA,Santa Clara County,6085,0.885,7.072276594546258,137,choropleth-5ea89fec16db5330d387423e
CA,Alameda County,6001,0.847,5.983727166036781,583,choropleth-5ea89fec16db5330d387423e
CA,Santa Clara County,6085,0.885,7.072276594546258,7509,choropleth-5ea89fec16db5330d387423e
CA,Inyo County,6027,UNK,1138,choropleth-5ea89fec16db5330d387423e
NV,Esmeralda County,32009,0.419,-0.05330139777845869,435,choropleth-5ea89fec16db5330d387423e
NV,Nye County,32023,0.479,-0.18318074506204235,364,choropleth-5ea89fec16db5330d387423e
NV,Nye County,32023,0.479,-0.18318074506204235,301,choropleth-5ea89fec16db5330d387423e
NV,Nye County,32023,0.479,-0.18318074506204235,344,choropleth-5ea89fec16db5330d387423e
UT,Washington County,49053,0.534,0.009986912653720507,137,choropleth-5ea89fec16db5330d387423e
UT,Kane County,49025,0.513,-0.027540638854527528,648,choropleth-5ea89fec16db5330d387423e
NV,Nye County,32023,0.479,-0.18318074506204235,810,choropleth-5ea89fec16db5330d387423e
NV,Esmeralda County,32009,0.419,-0.05330139777845869,720,choropleth-5ea89fec16db5330d387423e
WA,Skamania County,53059,0.397,-0.23628230602571193,988,choropleth-5ea89fec16db5330d387423e
ID,Camas County,16025,0.439,-0.04942526050361832,225,choropleth-5ea89fec16db5330d387423e
ID,Blaine County,16013,0.8420000000000001,0.7408524119881698,825,choropleth-5ea89fec16db5330d387423e
ID,Jefferson County,16051,0.44,-0.2535745328451722,151,choropleth-5ea89fec16db5330d387423e
ID,Madison County,16065,0.563,0.09676130112329893,169,choropleth-5ea89fec16db5330d387423e
WY,Teton County,56039,0.95,1.0060044399252084,719,choropleth-5ea89fec16db5330d387423e
WY,Lincoln County,56023,0.451,-0.18217553750177734,285,choropleth-5ea89fec16db5330d387423e
WY,Uinta County,56041,0.53,-0.0056729413722804625,614,choropleth-5ea89fec16db5330d387423e
UT,Summit County,49043,0.9079999999999999,1.2098519010784023,575,choropleth-5ea89fec16db5330d387423e
UT,Duchesne County,49013,0.46,-0.16253440522413623,240,choropleth-5ea89fec16db5330d387423e
WY,Sublette County,56035,0.38299999999999995,-0.2351510778355241,158,choropleth-5ea89fec16db5330d387423e
MT,Blaine County,30005,0.882,0.452100797015514,1385,choropleth-5ea89fec16db5330d387423e
MT,Powder River County,30075,0.23399999999999999,-0.1942842537332661,334,choropleth-5ea89fec16db5330d387423e
MT,Rosebud County,30087,0.8640000000000001,0.49572733497704474,1128,choropleth-5ea89fec16db5330d387423e
MT,Big Horn County,30003,0.92,0.7058057683028113,677,choropleth-5ea89fec16db5330d387423e
MT,McCone County,30055,0.18100000000000002,-0.22747238953776855,157,choropleth-5ea89fec16db5330d387423e
MT,Roosevelt County,30085,0.863,0.5481069270820483,1436,choropleth-5ea89fec16db5330d387423e
SD,Edmunds County,46045,0.47700000000000004,-0.05458867142402782,344,choropleth-5ea89fec16db5330d387423e
SD,Walworth County,46129,0.514,-0.02169271516281373,269,choropleth-5ea89fec16db5330d387423e
SD,Dewey County,46041,0.8170000000000001,0.3459952796455294,700,choropleth-5ea89fec16db5330d387423e
SD,Pennington County,46103,0.613,0.42978591026594537,237,choropleth-5ea89fec16db5330d387423e
SD,Oglala Lakota County,46102,0.87,0.634713718531353,632,choropleth-5ea89fec16db5330d387423e
NE,Chase County,31029,0.342,-0.18939548671571535,248,choropleth-5ea89fec16db5330d387423e
NE,Hayes County,31085,0.258,-0.13236418137787961,131,choropleth-5ea89fec16db5330d387423e
NE,Lincoln County,31111,0.341,-0.5656371586298953,155,choropleth-5ea89fec16db5330d387423e
KS,Labette County,20099,0.509,-0.05233230549139506,146,choropleth-5ea89fec16db5330d387423e
KS,Riley County,20161,0.40700000000000003,-0.5406753704629497,384,choropleth-5ea89fec16db5330d387423e
KS,Geary County,20061,0.95,1.1666543782977032,668,choropleth-5ea89fec16db5330d387423e
KS,Wabaunsee County,20197,0.49,-0.056243016182452706,217,choropleth-5ea89fec16db5330d387423e
KS,Shawnee County,20177,0.636,0.6870866770280284,166,choropleth-5ea89fec16db5330d387423e
KS,Jefferson County,20087,0.5589999999999999,0.058095476662220896,131,choropleth-5ea89fec16db5330d387423e
KS,Johnson County,20091,0.8,3.181644473850418,500,choropleth-5ea89fec16db5330d387423e
KS,Douglas County,20045,0.645,0.6213611197638385,419,choropleth-5ea89fec16db5330d387423e
KS,Johnson County,20091,0.8,3.181644473850418,1468,choropleth-5ea89fec16db5330d387423e
NE,Dawes County,31045,0.40399999999999997,-0.18901507044443594,221,choropleth-5ea89fec16db5330d387423e
SD,Oglala Lakota County,46102,0.87,0.634713718531353,950,choropleth-5ea89fec16db5330d387423e
SD,Douglas County,46043,0.555,0.01932431724062001,218,choropleth-5ea89fec16db5330d387423e
IA,Sioux County,19167,0.426,-0.315161001931137,333,choropleth-5ea89fec16db5330d387423e
MO,Holt County,29087,0.43,-0.10804258873744452,228,choropleth-5ea89fec16db5330d387423e
NE,Dodge County,31053,0.5529999999999999,0.06226629903624748,133,choropleth-5ea89fec16db5330d387423e
NE,Cuming County,31039,0.541,0.012696045181540988,131,choropleth-5ea89fec16db5330d387423e
NE,Thurston County,31173,0.813,0.3775999904897407,1886,choropleth-5ea89fec16db5330d387423e
KS,Jefferson County,20087,0.5589999999999999,0.058095476662220896,366,choropleth-5ea89fec16db5330d387423e
KS,Leavenworth County,20103,0.613,0.36458269835083656,165,choropleth-5ea89fec16db5330d387423e
KS,Johnson County,20091,0.8,3.181644473850418,4488,choropleth-5ea89fec16db5330d387423e
IA,Clayton County,19043,0.489,-0.09156699702863928,219,choropleth-5ea89fec16db5330d387423e
WI,Grant County,55043,0.562,0.10624258133967317,357,choropleth-5ea89fec16db5330d387423e
IL,Jo Daviess County,17085,0.8059999999999999,0.6295308904225526,863,choropleth-5ea89fec16db5330d387423e
WI,Dane County,55025,0.853,3.6110367809045285,2488,choropleth-5ea89fec16db5330d387423e
KS,Wyandotte County,20209,0.603,0.4537424284258831,183,choropleth-5ea89fec16db5330d387423e
KS,Johnson County,20091,0.8,3.181644473850418,1687,choropleth-5ea89fec16db5330d387423e
IA,Jackson County,19097,0.539,0.014387311748548447,214,choropleth-5ea89fec16db5330d387423e
WI,Iowa County,55049,0.6990000000000001,0.40565540002547923,343,choropleth-5ea89fec16db5330d387423e
WI,Lafayette County,55065,0.616,0.17108572196513255,162,choropleth-5ea89fec16db5330d387423e
IL,Jo Daviess County,17085,0.8059999999999999,0.6295308904225526,1167,choropleth-5ea89fec16db5330d387423e
WI,Dane County,55025,0.853,3.6110367809045285,556,choropleth-5ea89fec16db5330d387423e
WI,Columbia County,55021,0.685,0.578080694234865,712,choropleth-5ea89fec16db5330d387423e
WI,Rock County,55105,0.7090000000000001,1.120682289747309,130,choropleth-5ea89fec16db5330d387423e
IL,McHenry County,17111,0.6859999999999999,1.334579011358237,200,choropleth-5ea89fec16db5330d387423e
IL,Lake County,17097,0.813,3.569244908135006,2987,choropleth-5ea89fec16db5330d387423e
KS,Butler County,20015,0.505,-0.11302178607130076,166,choropleth-5ea89fec16db5330d387423e
MS,Pike County,28113,0.52,-0.039411125052809894,167,choropleth-5ea89fec16db5330d387423e
LA,East Feliciana Parish,22037,0.418,-0.25122404932210773,266,choropleth-5ea89fec16db5330d387423e
LA,West Feliciana Parish,22125,0.903,0.7294071267377568,1088,choropleth-5ea89fec16db5330d387423e
FL,Pasco County,12101,0.605,0.8501938478522566,300,choropleth-5ea89fec16db5330d387423e
FL,Sumter County,12119,0.8220000000000001,1.6451511377594141,1201,choropleth-5ea89fec16db5330d387423e
FL,Collier County,12021,0.721,1.822462031736405,288,choropleth-5ea89fec16db5330d387423e
FL,Monroe County,12087,0.802,1.1530956051828942,1286,choropleth-5ea89fec16db5330d387423e
FL,Monroe County,12087,0.802,1.1530956051828942,282,choropleth-5ea89fec16db5330d387423e
FL,Miami-Dade County,12086,0.872,7.956152717577548,2308,choropleth-5ea89fec16db5330d387423e
MO,Reynolds County,29179,0.28,-0.31689528886929674,133,choropleth-5ea89fec16db5330d387423e
MO,Reynolds County,29179,0.28,-0.31689528886929674,134,choropleth-5ea89fec16db5330d387423e
MT,Hill County,30041,0.721,0.3832830700371589,216,choropleth-5ea89fec16db5330d387423e
MT,Blaine County,30005,0.882,0.452100797015514,713,choropleth-5ea89fec16db5330d387423e
MT,Musselshell County,30065,0.35600000000000004,-0.19066977914454966,217,choropleth-5ea89fec16db5330d387423e
MT,Yellowstone County,30111,0.53,-0.016021199613363225,169,choropleth-5ea89fec16db5330d387423e
MT,Big Horn County,30003,0.92,0.7058057683028113,711,choropleth-5ea89fec16db5330d387423e
MT,Big Horn County,30003,0.92,0.7058057683028113,320,choropleth-5ea89fec16db5330d387423e
MT,Rosebud County,30087,0.8640000000000001,0.49572733497704474,584,choropleth-5ea89fec16db5330d387423e
MT,Roosevelt County,30085,0.863,0.5481069270820483,876,choropleth-5ea89fec16db5330d387423e
NY,Allegany County,36003,0.455,-0.2638820692157708,178,choropleth-5ea89fec16db5330d387423e
MN,Cook County,27031,0.825,0.3425423946627654,699,choropleth-5ea89fec16db5330d387423e
WI,Ashland County,55003,0.737,0.40393267258686294,150,choropleth-5ea89fec16db5330d387423e
WI,Bayfield County,55007,0.846,0.6073562615625359,932,choropleth-5ea89fec16db5330d387423e
CT,Tolland County,9013,0.684,0.9259993813524098,169,choropleth-5ea89fec16db5330d387423e
PA,Clinton County,42035,0.466,-0.20742556331791084,134,choropleth-5ea89fec16db5330d387423e
PA,Jefferson County,42065,0.495,-0.12413465661088803,314,choropleth-5ea89fec16db5330d387423e
PA,Jefferson County,42065,0.495,-0.12413465661088803,308,choropleth-5ea89fec16db5330d387423e
PA,Jefferson County,42065,0.495,-0.12413465661088803,412,choropleth-5ea89fec16db5330d387423e
NC,Harnett County,37085,0.442,-0.5277760335859033,145,choropleth-5ea89fec16db5330d387423e
NC,Chatham County,37037,0.688,0.6699661289572458,193,choropleth-5ea89fec16db5330d387423e
NC,Orange County,37135,0.8740000000000001,2.045277659450022,911,choropleth-5ea89fec16db5330d387423e
NC,Bertie County,37015,0.5379999999999999,0.012015791738165154,199,choropleth-5ea89fec16db5330d387423e
NC,Tyrrell County,37177,0.501,-0.03174127410879075,166,choropleth-5ea89fec16db5330d387423e
NC,Dare County,37055,0.807,0.8322773273538606,717,choropleth-5ea89fec16db5330d387423e
VA,Charles City County,51036,0.8170000000000001,0.3760090270743509,1005,choropleth-5ea89fec16db5330d387423e
MD,Montgomery County,24031,0.9109999999999999,5.732712717544451,506,choropleth-5ea89fec16db5330d387423e
MD,Frederick County,24021,0.809,2.185751291254418,702,choropleth-5ea89fec16db5330d387423e
MD,Montgomery County,24031,0.9109999999999999,5.732712717544451,2366,choropleth-5ea89fec16db5330d387423e
MD,Howard County,24027,0.888,3.111876873391874,949,choropleth-5ea89fec16db5330d387423e
DE,New Castle County,10003,0.7170000000000001,2.1410689957729327,284,choropleth-5ea89fec16db5330d387423e
PA,Chester County,42029,0.8290000000000001,3.2876607727237332,1285,choropleth-5ea89fec16db5330d387423e
PA,Montgomery County,42091,0.821,3.9869352901089874,888,choropleth-5ea89fec16db5330d387423e
PA,Columbia County,42037,0.638,0.4256500482390352,985,choropleth-5ea89fec16db5330d387423e
NJ,Sussex County,34037,0.644,0.6598781431070453,198,choropleth-5ea89fec16db5330d387423e
NJ,Morris County,34027,0.7979999999999999,2.865010822192475,201,choropleth-5ea89fec16db5330d387423e
NJ,Bergen County,34003,0.8,3.919191883756718,802,choropleth-5ea89fec16db5330d387423e
NY,New York County,36061,0.8959999999999999,6.741906977193151,3004,choropleth-5ea89fec16db5330d387423e
NY,Nassau County,36059,0.85,5.485912176619756,1917,choropleth-5ea89fec16db5330d387423e
NJ,Warren County,34041,0.7020000000000001,0.8663945592657748,191,choropleth-5ea89fec16db5330d387423e
NY,New York County,36061,0.8959999999999999,6.741906977193151,216,choropleth-5ea89fec16db5330d387423e
NY,Queens County,36081,0.8909999999999999,7.690449792773259,519,choropleth-5ea89fec16db5330d387423e
NY,Queens County,36081,0.8909999999999999,7.690449792773259,2627,choropleth-5ea89fec16db5330d387423e
NY,Nassau County,36059,0.85,5.485912176619756,1516,choropleth-5ea89fec16db5330d387423e
NJ,Passaic County,34031,0.721,2.0747168512262713,254,choropleth-5ea89fec16db5330d387423e
NJ,Bergen County,34003,0.8,3.919191883756718,1044,choropleth-5ea89fec16db5330d387423e
NY,Westchester County,36119,0.852,4.715614377651261,1083,choropleth-5ea89fec16db5330d387423e
CT,Fairfield County,9001,0.8440000000000001,4.550574050993655,1083,choropleth-5ea89fec16db5330d387423e
CT,New Haven County,9009,0.805,3.827783805059594,185,choropleth-5ea89fec16db5330d387423e
CT,Middlesex County,9007,0.856,2.026951332797907,211,choropleth-5ea89fec16db5330d387423e
CT,New Haven County,9009,0.805,3.827783805059594,985,choropleth-5ea89fec16db5330d387423e
CT,Middlesex County,9007,0.856,2.026951332797907,151,choropleth-5ea89fec16db5330d387423e
CT,New Haven County,9009,0.805,3.827783805059594,130,choropleth-5ea89fec16db5330d387423e
CT,Middlesex County,9007,0.856,2.026951332797907,1138,choropleth-5ea89fec16db5330d387423e
CT,New London County,9011,0.812,2.2321706807855892,952,choropleth-5ea89fec16db5330d387423e
RI,Washington County,44009,0.8140000000000001,1.5593567931937728,465,choropleth-5ea89fec16db5330d387423e
NY,Tioga County,36107,0.624,0.3183556112928416,164,choropleth-5ea89fec16db5330d387423e
NY,Tompkins County,36109,0.821,1.4435120439494178,2323,choropleth-5ea89fec16db5330d387423e
RI,Washington County,44009,0.8140000000000001,1.5593567931937728,1354,choropleth-5ea89fec16db5330d387423e
RI,Washington County,44009,0.8140000000000001,1.5593567931937728,303,choropleth-5ea89fec16db5330d387423e
RI,Washington County,44009,0.8140000000000001,1.5593567931937728,214,choropleth-5ea89fec16db5330d387423e
RI,Washington County,44009,0.8140000000000001,1.5593567931937728,770,choropleth-5ea89fec16db5330d387423e
RI,Washington County,44009,0.8140000000000001,1.5593567931937728,154,choropleth-5ea89fec16db5330d387423e
RI,Providence County,44007,0.727,2.405883634817085,820,choropleth-5ea89fec16db5330d387423e
MA,Norfolk County,25021,0.823,3.716234617827968,931,choropleth-5ea89fec16db5330d387423e
MA,Middlesex County,25017,0.8290000000000001,5.575573448376412,1334,choropleth-5ea89fec16db5330d387423e
NY,Washington County,36115,0.685,0.5961271233762221,152,choropleth-5ea89fec16db5330d387423e
NY,Saratoga County,36091,0.812,2.081885496481642,665,choropleth-5ea89fec16db5330d387423e
NY,Hamilton County,36041,0.846,0.33012858268473766,830,choropleth-5ea89fec16db5330d387423e
MA,Norfolk County,25021,0.823,3.716234617827968,430,choropleth-5ea89fec16db5330d387423e
MA,Middlesex County,25017,0.8290000000000001,5.575573448376412,806,choropleth-5ea89fec16db5330d387423e
MA,Middlesex County,25017,0.8290000000000001,5.575573448376412,152,choropleth-5ea89fec16db5330d387423e
ME,York County,23031,0.8220000000000001,2.0502675654977183,1388,choropleth-5ea89fec16db5330d387423e
ME,Cumberland County,23005,0.909,3.135639767376557,1021,choropleth-5ea89fec16db5330d387423e
ME,Sagadahoc County,23023,0.826,0.8754982602664995,896,choropleth-5ea89fec16db5330d387423e
ME,Lincoln County,23015,0.836,0.8896291683934752,1136,choropleth-5ea89fec16db5330d387423e
ME,Knox County,23013,0.867,1.0488597876503134,934,choropleth-5ea89fec16db5330d387423e
ME,Knox County,23013,0.867,1.0488597876503134,656,choropleth-5ea89fec16db5330d387423e
ME,Knox County,23013,0.867,1.0488597876503134,873,choropleth-5ea89fec16db5330d387423e
VT,Caledonia County,50005,0.379,-0.42088962197386703,218,choropleth-5ea89fec16db5330d387423e
VT,Grand Isle County,50013,0.843,0.4181235989871822,636,choropleth-5ea89fec16db5330d387423e
NH,Grafton County,33009,0.765,1.0953941659843955,1243,choropleth-5ea89fec16db5330d387423e
NH,Grafton County,33009,0.765,1.0953941659843955,265,choropleth-5ea89fec16db5330d387423e
NY,Hamilton County,36041,0.846,0.33012858268473766,187,choropleth-5ea89fec16db5330d387423e
NY,St. Lawrence County,36089,0.621,0.45965314263527735,362,choropleth-5ea89fec16db5330d387423e
WV,Marshall County,54051,0.46,-0.2010479683171091,164,choropleth-5ea89fec16db5330d387423e
WV,Marshall County,54051,0.46,-0.2010479683171091,131,choropleth-5ea89fec16db5330d387423e
NC,Martin County,37117,0.5429999999999999,0.024982457868419745,129,choropleth-5ea89fec16db5330d387423e
NC,Northampton County,37131,0.49700000000000005,-0.07875127593277875,133,choropleth-5ea89fec16db5330d387423e
VA,Southampton County,51175,0.375,-0.3314226938658142,134,choropleth-5ea89fec16db5330d387423e
VA,Prince George County,51149,0.536,0.010868526320066236,136,choropleth-5ea89fec16db5330d387423e
VA,Charles City County,51036,0.8170000000000001,0.3760090270743509,483,choropleth-5ea89fec16db5330d387423e
NC,Dare County,37055,0.807,0.8322773273538606,1036,choropleth-5ea89fec16db5330d387423e
AZ,Coconino County,4005,0.8,1.5834475233116283,3280,choropleth-5fce87101036290e0bec1bc0
MT,Glacier County,30035,0.8809999999999999,0.6454508952352388,1908,choropleth-5fce87101036290e0bec1bc0
MT,Gallatin County,30031,0.609,0.4096967317377148,503,choropleth-5fce87101036290e0bec1bc0
MT,Glacier County,30035,0.8809999999999999,0.6454508952352388,1219,choropleth-5fce87101036290e0bec1bc0
FL,Duval County,12031,0.625,1.417299580238175,252,choropleth-5fce87101036290e0bec1bc0
WI,Bayfield County,55007,0.846,0.6073562615625359,1452,choropleth-5fce87101036290e0bec1bc0
MN,Lake County,27075,0.6759999999999999,0.23479944710726497,552,choropleth-5fce87101036290e0bec1bc0
AZ,Coconino County,4005,0.8,1.5834475233116283,1611,choropleth-5fce87101036290e0bec1bc0
ME,Penobscot County,23019,0.7340000000000001,1.2332005276607527,277,choropleth-5fce87101036290e0bec1bc0
ME,Cumberland County,23005,0.909,3.135639767376557,1401,choropleth-5fce87101036290e0bec1bc0
ME,York County,23031,0.8220000000000001,2.0502675654977183,955,choropleth-5fce87101036290e0bec1bc0
NH,Rockingham County,33015,0.6659999999999999,1.1666526857233712,158,choropleth-5fce87101036290e0bec1bc0
MA,Essex County,25009,0.769,3.2177940205313167,783,choropleth-5fce87101036290e0bec1bc0
CT,New Haven County,9009,0.805,3.827783805059594,924,choropleth-5fce87101036290e0bec1bc0
CT,New London County,9011,0.812,2.2321706807855892,1584,choropleth-5fce87101036290e0bec1bc0
LA,Jefferson Davis Parish,22053,0.376,-0.43875708686896736,1890,choropleth-60a075bcc900389813dd06b0
AZ,Coconino County,4005,0.8,1.5834475233116283,2700,choropleth-60a075bcc900389813dd06b0
AZ,Navajo County,4017,0.8079999999999999,1.4363523984361974,2145,choropleth-60a075bcc900389813dd06b0
NM,Sandoval County,35043,0.743,1.2647639173890435,1490,choropleth-60a075bcc900389813dd06b0
NM,Rio Arriba County,35039,0.816,0.881017225115326,2273,choropleth-60a075bcc900389813dd06b0
WY,Teton County,56039,0.95,1.0060044399252084,2307,choropleth-60a075bcc900389813dd06b0
MT,Treasure County,30103,0.494,-0.01615141979069265,3611,choropleth-60a075bcc900389813dd06b0
MT,Rosebud County,30087,0.8640000000000001,0.49572733497704474,2138,choropleth-60a075bcc900389813dd06b0
MT,Big Horn County,30003,0.92,0.7058057683028113,1605,choropleth-60a075bcc900389813dd06b0
MT,Blaine County,30005,0.882,0.452100797015514,2068,choropleth-60a075bcc900389813dd06b0
CO,Eagle County,8037,0.8440000000000001,1.1486470773394433,1505,choropleth-60a075bcc900389813dd06b0
CO,Grand County,8049,0.644,0.22187048337499737,1354,choropleth-60a075bcc900389813dd06b0
CO,Boulder County,8013,0.809,2.4427113970919905,1735,choropleth-60a075bcc900389813dd06b0
TX,Ward County,48475,0.35700000000000004,-0.3047299542685285,1344,choropleth-60a075bcc900389813dd06b0
AZ,Pima County,4019,0.7190000000000001,2.9340684831642863,1409,choropleth-60a075bcc900389813dd06b0
AZ,Santa Cruz County,4023,0.95,1.4097352702484813,2572,choropleth-60a075bcc900389813dd06b0
CA,Imperial County,6025,0.95,2.739030604132357,1602,choropleth-60a075bcc900389813dd06b0
CA,Santa Clara County,6085,0.885,7.072276594546258,2783,choropleth-60a075bcc900389813dd06b0
KY,Ohio County,21183,0.40700000000000003,-0.3081569365173532,183,choropleth-60c50f3ccf2eebcf270b9488
AR,Greene County,5055,0.45,-0.2785176067274154,231,choropleth-60c50f3ccf2eebcf270b9488
AR,Randolph County,5121,0.43200000000000005,-0.2137042096125474,180,choropleth-60c50f3ccf2eebcf270b9488
AR,Stone County,5137,0.385,-0.26159975901395993,261,choropleth-60c50f3ccf2eebcf270b9488
AR,Van Buren County,5141,0.434,-0.20106947012882792,180,choropleth-60c50f3ccf2eebcf270b9488
AR,Conway County,5029,0.5539999999999999,0.049315265189833396,686,choropleth-60c50f3ccf2eebcf270b9488
AR,Pope County,5115,0.509,-0.09453452425209369,180,choropleth-60c50f3ccf2eebcf270b9488
TX,Archer County,48009,0.591,0.08594161653484292,139,choropleth-60c50f3ccf2eebcf270b9488
TX,Young County,48503,0.414,-0.2522382075865856,180,choropleth-60c50f3ccf2eebcf270b9488
TX,Johnson County,48251,0.466,-0.44140851433559564,1220,choropleth-60c50f3ccf2eebcf270b9488
TX,Somervell County,48425,0.44799999999999995,-0.12822085228168406,181,choropleth-60c50f3ccf2eebcf270b9488
TX,Martin County,48317,0.322,-0.25362508324647,204,choropleth-60c50f3ccf2eebcf270b9488
TX,Andrews County,48003,0.44799999999999995,-0.18344215787107565,812,choropleth-60c50f3ccf2eebcf270b9488
NM,Lea County,35025,0.45299999999999996,-0.3358751388871228,180,choropleth-60c50f3ccf2eebcf270b9488
NM,Sierra County,35051,0.6809999999999999,0.24466228462146816,418,choropleth-60c50f3ccf2eebcf270b9488
NM,Otero County,35035,0.63,0.4010506302247864,183,choropleth-60c50f3ccf2eebcf270b9488
TX,Hudspeth County,48229,0.6709999999999999,0.1536912544378963,186,choropleth-60c50f3ccf2eebcf270b9488
TX,Real County,48385,0.498,-0.0322298655781843,182,choropleth-60c50f3ccf2eebcf270b9488
TX,Van Zandt County,48467,0.374,-0.5958418757908025,368,choropleth-60c50f3ccf2eebcf270b9488
TX,Rains County,48379,0.365,-0.2970522868516535,178,choropleth-60c50f3ccf2eebcf270b9488
OK,Carter County,40019,0.455,-0.26958630759303204,182,choropleth-60c50f3ccf2eebcf270b9488
OK,Caddo County,40015,0.6729999999999999,0.3773834987613102,186,choropleth-60c50f3ccf2eebcf270b9488
CO,Kiowa County,8061,0.38,-0.09084971392546924,179,choropleth-60c50f3ccf2eebcf270b9488
CO,Cheyenne County,8017,0.342,-0.12945576245894347,1152,choropleth-60c50f3ccf2eebcf270b9488
CO,Kiowa County,8061,0.38,-0.09084971392546924,180,choropleth-60c50f3ccf2eebcf270b9488
CO,Bent County,8011,0.273,-0.3071868347015322,303,choropleth-60c50f3ccf2eebcf270b9488
CO,Lincoln County,8073,0.37,-0.19472349812178782,248,choropleth-60c50f3ccf2eebcf270b9488
WY,Sweetwater County,56037,0.517,-0.050721468960118594,1109,choropleth-60c50f3ccf2eebcf270b9488
MT,Judith Basin County,30045,0.40399999999999997,-0.09146186100688684,3544,choropleth-60c50f3ccf2eebcf270b9488
MT,Cascade County,30013,0.56,0.12453524108245133,242,choropleth-60c50f3ccf2eebcf270b9488
WA,Okanogan County,53047,0.687,0.5022558768454203,181,choropleth-60c50f3ccf2eebcf270b9488
WA,Whatcom County,53073,0.738,1.5384219709566176,2116,choropleth-60c50f3ccf2eebcf270b9488
ME,Aroostook County,23003,0.708,0.7171404879545367,1746,choropleth-60c50f3ccf2eebcf270b9488
ME,Piscataquis County,23021,0.636,0.21273799913093042,757,choropleth-60c50f3ccf2eebcf270b9488
ME,Penobscot County,23019,0.7340000000000001,1.2332005276607527,178,choropleth-60c50f3ccf2eebcf270b9488
ME,Lincoln County,23015,0.836,0.8896291683934752,1574,choropleth-60c50f3ccf2eebcf270b9488
ME,Sagadahoc County,23023,0.826,0.8754982602664995,178,choropleth-60c50f3ccf2eebcf270b9488
NH,Carroll County,33003,0.7070000000000001,0.6096953932303566,273,choropleth-60c50f3ccf2eebcf270b9488
ME,York County,23031,0.8220000000000001,2.0502675654977183,1589,choropleth-60c50f3ccf2eebcf270b9488
ME,Cumberland County,23005,0.909,3.135639767376557,1099,choropleth-60c50f3ccf2eebcf270b9488
ME,Sagadahoc County,23023,0.826,0.8754982602664995,723,choropleth-60c50f3ccf2eebcf270b9488
ME,Androscoggin County,23001,0.723,0.9862555271865742,177,choropleth-60c50f3ccf2eebcf270b9488
ME,Cumberland County,23005,0.909,3.135639767376557,2726,choropleth-60c50f3ccf2eebcf270b9488
ME,York County,23031,0.8220000000000001,2.0502675654977183,182,choropleth-60c50f3ccf2eebcf270b9488
IL,Perry County,17145,0.516,-0.037951648238912235,186,choropleth-60c50f3ccf2eebcf270b9488
TX,Howard County,48227,0.38299999999999995,-0.4530667101328981,183,choropleth-60c50f3ccf2eebcf270b9488
TX,Glasscock County,48173,0.444,-0.05280152726103365,202,choropleth-60c50f3ccf2eebcf270b9488
TX,Scurry County,48415,0.466,-0.13649238714000925,982,choropleth-60c50f3ccf2eebcf270b9488
TX,Brooks County,48047,0.95,0.5558482580728833,281,choropleth-60c50f3ccf2eebcf270b9488
TX,Kenedy County,48261,0.535,0.0007946772541463143,1920,choropleth-60c50f3ccf2eebcf270b9488
TX,Kleberg County,48273,0.616,0.23198556300674977,183,choropleth-60c50f3ccf2eebcf270b9488
TX,Calhoun County,48057,0.516,-0.03828933050717794,182,choropleth-60c50f3ccf2eebcf270b9488
TX,Jefferson County,48245,0.518,-0.11558262436175563,180,choropleth-60c50f3ccf2eebcf270b9488
LA,Calcasieu Parish,22019,0.434,-0.7012939258675575,217,choropleth-60c50f3ccf2eebcf270b9488
LA,Cameron Parish,22023,0.183,-0.4618509770673463,2935,choropleth-60c50f3ccf2eebcf270b9488
TX,Duval County,48131,0.628,0.16012441056378676,182,choropleth-60c50f3ccf2eebcf270b9488
TX,Medina County,48325,0.56,0.09918416980166203,183,choropleth-60c50f3ccf2eebcf270b9488
TX,Edwards County,48137,0.8690000000000001,0.23461695282119505,185,choropleth-60c50f3ccf2eebcf270b9488
TX,Mitchell County,48335,0.36,-0.2529106723503773,184,choropleth-60c50f3ccf2eebcf270b9488
TX,Hutchinson County,48233,0.354,-0.4089849203218291,179,choropleth-60c50f3ccf2eebcf270b9488
TX,Ochiltree County,48357,0.386,-0.230502498113589,266,choropleth-60c50f3ccf2eebcf270b9488
OK,Texas County,40139,0.46399999999999997,-0.1537554400584607,183,choropleth-60c50f3ccf2eebcf270b9488
NM,Union County,35059,0.457,-0.07643784319431156,186,choropleth-60c50f3ccf2eebcf270b9488
NM,Sandoval County,35043,0.743,1.2647639173890435,183,choropleth-60c50f3ccf2eebcf270b9488
NM,Santa Fe County,35049,0.8490000000000001,1.9105820137028195,2336,choropleth-60c50f3ccf2eebcf270b9488
NM,San Miguel County,35047,0.6920000000000001,0.41703801681455255,181,choropleth-60c50f3ccf2eebcf270b9488
OK,Major County,40093,0.511,-0.02986451549286031,183,choropleth-60c50f3ccf2eebcf270b9488
NE,Webster County,31181,0.391,-0.13269582837248395,181,choropleth-60c50f3ccf2eebcf270b9488
NE,Valley County,31175,0.33899999999999997,-0.19801302022405162,3558,choropleth-60c50f3ccf2eebcf270b9488
NE,Sherman County,31163,0.40399999999999997,-0.1118170501977212,178,choropleth-60c50f3ccf2eebcf270b9488
AR,Washington County,5143,0.591,0.4527226426557995,185,choropleth-60c50f3ccf2eebcf270b9488
MO,Perry County,29157,0.40299999999999997,-0.2840417535830874,184,choropleth-60c50f3ccf2eebcf270b9488
IN,Spencer County,18147,0.462,-0.15939448633124953,176,choropleth-60c50f3ccf2eebcf270b9488
KY,Warren County,21227,0.397,-0.7790495779149105,174,choropleth-60c50f3ccf2eebcf270b9488
TN,Sumner County,47165,0.496,-0.25324325197625974,904,choropleth-60c50f3ccf2eebcf270b9488
TN,Davidson County,47037,0.672,1.8114235604212279,183,choropleth-60c50f3ccf2eebcf270b9488
AL,Lauderdale County,1077,0.478,-0.26322623784273924,955,choropleth-60c50f3ccf2eebcf270b9488
AL,Limestone County,1083,0.39799999999999996,-0.6679593648752089,178,choropleth-60c50f3ccf2eebcf270b9488
AL,DeKalb County,1049,0.348,-0.7781355029299422,178,choropleth-60c50f3ccf2eebcf270b9488
TN,Lawrence County,47099,0.376,-0.5200293980414306,232,choropleth-60c50f3ccf2eebcf270b9488
AL,Limestone County,1083,0.39799999999999996,-0.6679593648752089,672,choropleth-60c50f3ccf2eebcf270b9488
AL,Madison County,1089,0.642,1.051264348468913,1625,choropleth-60c50f3ccf2eebcf270b9488
TN,Lincoln County,47103,0.42100000000000004,-0.327590060877653,183,choropleth-60c50f3ccf2eebcf270b9488
TN,Fentress County,47049,0.34700000000000003,-0.39980000725909154,184,choropleth-60c50f3ccf2eebcf270b9488
KY,Pike County,21195,0.537,0.01717559405510586,179,choropleth-60c50f3ccf2eebcf270b9488
WV,Fayette County,54019,0.5710000000000001,0.12587745589052254,181,choropleth-60c50f3ccf2eebcf270b9488
WV,Webster County,54101,0.486,-0.06657312893645415,182,choropleth-60c50f3ccf2eebcf270b9488
WV,Randolph County,54083,0.56,0.07399463768853659,185,choropleth-60c50f3ccf2eebcf270b9488
VA,Highland County,51091,0.612,0.05911723159780505,3948,choropleth-60c50f3ccf2eebcf270b9488
WV,Pocahontas County,54075,0.537,0.006483338368544682,187,choropleth-60c50f3ccf2eebcf270b9488
AR,Greene County,5055,0.45,-0.2785176067274154,186,choropleth-60c50f3ccf2eebcf270b9488
MT,Granite County,30039,0.38,-0.14076680116543838,765,choropleth-60d7922fc3809c404939251c
WY,Sweetwater County,56037,0.517,-0.050721468960118594,416,choropleth-60d7922fc3809c404939251c
TX,Brown County,48049,0.41600000000000004,-0.35915612062007746,551,choropleth-60d7922fc3809c404939251c
TX,Washington County,48477,0.507,-0.07677728205446732,180,choropleth-60d7922fc3809c404939251c
TX,Waller County,48473,0.418,-0.42607942493158596,340,choropleth-60d7922fc3809c404939251c
TX,Montgomery County,48339,0.561,0.3517892637673702,267,choropleth-60d7922fc3809c404939251c
TX,Liberty County,48291,0.42700000000000005,-0.4957319451644856,165,choropleth-60d7922fc3809c404939251c
TX,Jefferson County,48245,0.518,-0.11558262436175563,199,choropleth-60d7922fc3809c404939251c
LA,Cameron Parish,22023,0.183,-0.4618509770673463,215,choropleth-60d7922fc3809c404939251c
MA,Hampshire County,25015,0.7,1.0560492403115684,496,choropleth-60d7922fc3809c404939251c
TN,Cumberland County,47035,0.48100000000000004,-0.20108060665127736,217,choropleth-60d7922fc3809c404939251c
NE,Adams County,31001,0.43200000000000005,-0.2822142897718997,241,choropleth-60d7922fc3809c404939251c
OK,Lincoln County,40081,0.41600000000000004,-0.3447514684222925,301,choropleth-60d7922fc3809c404939251c
AZ,Coconino County,4005,0.8,1.5834475233116283,4516,choropleth-60d7922fc3809c404939251c
AZ,Coconino County,4005,0.8,1.5834475233116283,5979,choropleth-60d7922fc3809c404939251c
AZ,Graham County,4009,0.657,0.38853838506849686,150,choropleth-60d7922fc3809c404939251c
AZ,Navajo County,4017,0.8079999999999999,1.4363523984361974,1792,choropleth-60d7922fc3809c404939251c
AZ,Apache County,4001,0.95,1.7460433431494484,2862,choropleth-60d7922fc3809c404939251c
CA,Tulare County,6107,0.556,0.2543745580858429,208,choropleth-60d7922fc3809c404939251c
CA,Inyo County,6027,UNK,778,choropleth-60d7922fc3809c404939251c
NM,Socorro County,35053,0.706,0.35452359364934594,178,choropleth-60d7922fc3809c404939251c
NM,Santa Fe County,35049,0.8490000000000001,1.9105820137028195,184,choropleth-60d7922fc3809c404939251c
NM,Rio Arriba County,35039,0.816,0.881017225115326,4751,choropleth-60d7922fc3809c404939251c
ND,McKenzie County,38053,0.23399999999999999,-0.5782819929796693,447,choropleth-60d7922fc3809c404939251c
MT,Powder River County,30075,0.23399999999999999,-0.1942842537332661,157,choropleth-60d7922fc3809c404939251c
MT,Rosebud County,30087,0.8640000000000001,0.49572733497704474,138,choropleth-60d7922fc3809c404939251c
MT,Big Horn County,30003,0.92,0.7058057683028113,2238,choropleth-60d7922fc3809c404939251c
MT,Treasure County,30103,0.494,-0.01615141979069265,176,choropleth-60d7922fc3809c404939251c
MT,Rosebud County,30087,0.8640000000000001,0.49572733497704474,975,choropleth-60d7922fc3809c404939251c
MT,Big Horn County,30003,0.92,0.7058057683028113,2087,choropleth-60d7922fc3809c404939251c
NM,San Miguel County,35047,0.6920000000000001,0.41703801681455255,155,choropleth-60d7922fc3809c404939251c
NM,De Baca County,35011,0.513,-0.012967512704666785,937,choropleth-60d7922fc3809c404939251c
NM,Roosevelt County,35041,0.395,-0.296494300380846,123,choropleth-60d7922fc3809c404939251c
CA,Fresno County,6019,0.63,1.523954742086086,124,choropleth-60de09e53c9f27c2d82ceb2b
AZ,Mohave County,4015,0.429,-0.7521431050576992,152,choropleth-60de09e53c9f27c2d82ceb2b
AZ,Navajo County,4017,0.8079999999999999,1.4363523984361974,173,choropleth-60de09e53c9f27c2d82ceb2b
AZ,Coconino County,4005,0.8,1.5834475233116283,539,choropleth-60de09e53c9f27c2d82ceb2b
AZ,Navajo County,4017,0.8079999999999999,1.4363523984361974,560,choropleth-60de09e53c9f27c2d82ceb2b
AZ,Apache County,4001,0.95,1.7460433431494484,322,choropleth-60de09e53c9f27c2d82ceb2b
NM,Cibola County,35006,0.737,0.5281412120477975,162,choropleth-60de09e53c9f27c2d82ceb2b
NM,Socorro County,35053,0.706,0.35452359364934594,235,choropleth-60de09e53c9f27c2d82ceb2b
NM,Cibola County,35006,0.737,0.5281412120477975,223,choropleth-60de09e53c9f27c2d82ceb2b
NM,McKinley County,35031,0.95,1.739843105951271,450,choropleth-60de09e53c9f27c2d82ceb2b
MS,Scott County,28123,0.52,-0.03334663245002272,201,choropleth-60de09e53c9f27c2d82ceb2b
NM,Mora County,35033,0.662,0.13825397218496457,121,choropleth-60de09e53c9f27c2d82ceb2b
NM,Rio Arriba County,35039,0.816,0.881017225115326,465,choropleth-60de09e53c9f27c2d82ceb2b
AZ,Navajo County,4017,0.8079999999999999,1.4363523984361974,1934,choropleth-60fcd2c0ef92b8427c66e83a
AZ,Coconino County,4005,0.8,1.5834475233116283,1046,choropleth-60fcd2c0ef92b8427c66e83a
AZ,Navajo County,4017,0.8079999999999999,1.4363523984361974,448,choropleth-60fcd2c0ef92b8427c66e83a
AZ,Apache County,4001,0.95,1.7460433431494484,312,choropleth-60fcd2c0ef92b8427c66e83a
NM,McKinley County,35031,0.95,1.739843105951271,502,choropleth-60fcd2c0ef92b8427c66e83a
AZ,Apache County,4001,0.95,1.7460433431494484,1599,choropleth-60fcd2c0ef92b8427c66e83a
NM,McKinley County,35031,0.95,1.739843105951271,1147,choropleth-60fcd2c0ef92b8427c66e83a
CA,San Mateo County,6081,0.865,4.3888167434925895,377,choropleth-60fcd2c0ef92b8427c66e83a
CA,Alameda County,6001,0.847,5.983727166036781,542,choropleth-60fcd2c0ef92b8427c66e83a
CA,Monterey County,6053,0.7490000000000001,2.2125158027803735,610,choropleth-60fcd2c0ef92b8427c66e83a
CA,San Luis Obispo County,6079,0.621,0.742829185286527,168,choropleth-60fcd2c0ef92b8427c66e83a
CA,Santa Barbara County,6083,0.7290000000000001,2.0408935920056557,168,choropleth-60fcd2c0ef92b8427c66e83a
AK,Dillingham Census Area,2070,0.531,-0.0016812302610746325,248,choropleth-60fcd2c0ef92b8427c66e83a
AK,Yukon-Koyukuk Census Area,2290,0.785,0.2894858501478621,584,choropleth-60fcd2c0ef92b8427c66e83a
FL,Hernando County,12053,0.561,0.19909521434509825,121,choropleth-60fcd2c0ef92b8427c66e83a
FL,Miami-Dade County,12086,0.872,7.956152717577548,1647,choropleth-60fcd2c0ef92b8427c66e83a
AZ,Apache County,4001,0.95,1.7460433431494484,276,choropleth-60fcd2c0ef92b8427c66e83a
NM,McKinley County,35031,0.95,1.739843105951271,1445,choropleth-60fcd2c0ef92b8427c66e83a
NM,Rio Arriba County,35039,0.816,0.881017225115326,1116,choropleth-60fcd2c0ef92b8427c66e83a
NM,Taos County,35055,0.8540000000000001,0.9157604068134019,332,choropleth-60fcd2c0ef92b8427c66e83a
NM,Rio Arriba County,35039,0.816,0.881017225115326,566,choropleth-60fcd2c0ef92b8427c66e83a
NM,Taos County,35055,0.8540000000000001,0.9157604068134019,632,choropleth-60fcd2c0ef92b8427c66e83a
NM,Colfax County,35007,0.639,0.18468984647855896,615,choropleth-60fcd2c0ef92b8427c66e83a
NM,Taos County,35055,0.8540000000000001,0.9157604068134019,399,choropleth-60fcd2c0ef92b8427c66e83a
NM,Lincoln County,35027,0.604,0.1587801299336444,354,choropleth-60fcd2c0ef92b8427c66e83a
NM,Otero County,35035,0.63,0.4010506302247864,151,choropleth-60fcd2c0ef92b8427c66e83a
NM,Otero County,35035,0.63,0.4010506302247864,129,choropleth-60fcd2c0ef92b8427c66e83a
TX,Culberson County,48109,0.52,-0.009266237805958803,360,choropleth-60fcd2c0ef92b8427c66e83a
NY,Saratoga County,36091,0.812,2.081885496481642,181,choropleth-60fcd2c0ef92b8427c66e83a
NY,Warren County,36113,0.7929999999999999,1.035857053963311,196,choropleth-60fcd2c0ef92b8427c66e83a
NY,Hamilton County,36041,0.846,0.33012858268473766,1118,choropleth-60fcd2c0ef92b8427c66e83a
MA,Bristol County,25005,0.6859999999999999,1.7988860078047486,225,choropleth-60fcd2c0ef92b8427c66e83a
MA,Norfolk County,25021,0.823,3.716234617827968,825,choropleth-60fcd2c0ef92b8427c66e83a
NY,Suffolk County,36103,0.779,4.508020337793888,401,choropleth-60fcd2c0ef92b8427c66e83a
CT,New Haven County,9009,0.805,3.827783805059594,236,choropleth-60fcd2c0ef92b8427c66e83a
CT,Fairfield County,9001,0.8440000000000001,4.550574050993655,162,choropleth-60fcd2c0ef92b8427c66e83a
NY,Westchester County,36119,0.852,4.715614377651261,171,choropleth-60fcd2c0ef92b8427c66e83a
NY,Queens County,36081,0.8909999999999999,7.690449792773259,128,choropleth-60fcd2c0ef92b8427c66e83a
VA,King William County,51101,0.527,-0.011469447342388394,185,choropleth-60fcd2c0ef92b8427c66e83a
MD,Prince George's County,24033,0.7759999999999999,3.5415168476924275,332,choropleth-60fcd2c0ef92b8427c66e83a
MD,Montgomery County,24031,0.9109999999999999,5.732712717544451,1343,choropleth-60fcd2c0ef92b8427c66e83a
NC,Camden County,37029,0.65,0.1943681837922603,557,choropleth-60fcd2c0ef92b8427c66e83a
VA,King and Queen County,51097,0.522,-0.014003555035813752,266,choropleth-60fcd2c0ef92b8427c66e83a
VA,Caroline County,51033,0.43200000000000005,-0.27933757804077586,405,choropleth-60fcd2c0ef92b8427c66e83a
VA,Essex County,51057,0.46299999999999997,-0.11554014195118219,221,choropleth-60fcd2c0ef92b8427c66e83a
VA,Westmoreland County,51193,0.45799999999999996,-0.15876528435254159,1643,choropleth-60fcd2c0ef92b8427c66e83a
NV,Elko County,32007,0.439,-0.34039038524971,249,choropleth-60fcd2c0ef92b8427c66e83a
WY,Campbell County,56005,0.318,-0.7286323924035135,121,choropleth-60fcd2c0ef92b8427c66e83a
MT,Big Horn County,30003,0.92,0.7058057683028113,1162,choropleth-60fcd2c0ef92b8427c66e83a
UT,Grand County,49019,0.6920000000000001,0.24982735049535823,1802,choropleth-614d673e3a5fd5cb2b5b6eb7
KS,Stevens County,20189,0.406,-0.14875936651244537,298,choropleth-614d673e3a5fd5cb2b5b6eb7
AZ,Coconino County,4005,0.8,1.5834475233116283,2165,choropleth-614d673e3a5fd5cb2b5b6eb7
AZ,Navajo County,4017,0.8079999999999999,1.4363523984361974,626,choropleth-614d673e3a5fd5cb2b5b6eb7
AZ,Apache County,4001,0.95,1.7460433431494484,619,choropleth-614d673e3a5fd5cb2b5b6eb7
NM,McKinley County,35031,0.95,1.739843105951271,965,choropleth-614d673e3a5fd5cb2b5b6eb7
NM,Rio Arriba County,35039,0.816,0.881017225115326,552,choropleth-614d673e3a5fd5cb2b5b6eb7
NM,Colfax County,35007,0.639,0.18468984647855896,668,choropleth-614d673e3a5fd5cb2b5b6eb7
NM,Taos County,35055,0.8540000000000001,0.9157604068134019,728,choropleth-614d673e3a5fd5cb2b5b6eb7
CO,San Miguel County,8113,0.853,0.45868424542779646,760,choropleth-614d673e3a5fd5cb2b5b6eb7
CO,Mineral County,8079,0.871,0.14903307852593034,422,choropleth-614d673e3a5fd5cb2b5b6eb7
CO,Mineral County,8079,0.871,0.14903307852593034,557,choropleth-614d673e3a5fd5cb2b5b6eb7
CO,Gunnison County,8051,0.706,0.363173915950218,248,choropleth-614d673e3a5fd5cb2b5b6eb7
CO,Pitkin County,8097,0.857,0.6828199187561653,522,choropleth-614d673e3a5fd5cb2b5b6eb7
CO,Eagle County,8037,0.8440000000000001,1.1486470773394435,404,choropleth-614d673e3a5fd5cb2b5b6eb7
CO,Summit County,8117,0.867,0.927412258893265,396,choropleth-614d673e3a5fd5cb2b5b6eb7
CO,Clear Creek County,8019,0.504,-0.04462809801056565,237,choropleth-614d673e3a5fd5cb2b5b6eb7
CO,Gilpin County,8047,0.59,0.07217932839235805,920,choropleth-614d673e3a5fd5cb2b5b6eb7
CO,Boulder County,8013,0.809,2.4427113970919905,817,choropleth-614d673e3a5fd5cb2b5b6eb7
UT,Tooele County,49045,0.603,0.30037187290254297,248,choropleth-614d673e3a5fd5cb2b5b6eb7
UT,Summit County,49043,0.9079999999999999,1.2098519010784023,862,choropleth-614d673e3a5fd5cb2b5b6eb7
CO,Kit Carson County,8063,0.39799999999999996,-0.17985479465784152,251,choropleth-614d673e3a5fd5cb2b5b6eb7
CO,Boulder County,8013,0.809,2.4427113970919905,1817,choropleth-614d673e3a5fd5cb2b5b6eb7
WY,Teton County,56039,0.95,1.0060044399252084,662,choropleth-614d673e3a5fd5cb2b5b6eb7
ID,Elmore County,16039,0.596,0.1671684339248442,250,choropleth-614d673e3a5fd5cb2b5b6eb7
ID,Blaine County,16013,0.8420000000000001,0.7408524119881698,711,choropleth-614d673e3a5fd5cb2b5b6eb7
MT,Rosebud County,30087,0.8640000000000001,0.49572733497704474,199,choropleth-614d673e3a5fd5cb2b5b6eb7
MT,Big Horn County,30003,0.92,0.7058057683028113,659,choropleth-614d673e3a5fd5cb2b5b6eb7
MT,Rosebud County,30087,0.8640000000000001,0.49572733497704474,802,choropleth-614d673e3a5fd5cb2b5b6eb7
MT,Richland County,30083,0.408,-0.20534780245992937,228,choropleth-614d673e3a5fd5cb2b5b6eb7
MT,Roosevelt County,30085,0.863,0.5481069270820483,695,choropleth-614d673e3a5fd5cb2b5b6eb7
MT,Blaine County,30005,0.882,0.452100797015514,550,choropleth-614d673e3a5fd5cb2b5b6eb7
MT,Glacier County,30035,0.8809999999999999,0.6454508952352388,767,choropleth-614d673e3a5fd5cb2b5b6eb7
WA,King County,53033,0.8370000000000001,6.652218748679362,1826,choropleth-614d673e3a5fd5cb2b5b6eb7
WA,San Juan County,53055,0.841,0.6460212934385187,909,choropleth-614d673e3a5fd5cb2b5b6eb7
WA,King County,53033,0.8370000000000001,6.652218748679362,782,choropleth-614d673e3a5fd5cb2b5b6eb7
WA,Skamania County,53059,0.397,-0.23628230602571193,126,choropleth-614d673e3a5fd5cb2b5b6eb7
OR,Multnomah County,41051,0.813,3.841647266896342,198,choropleth-614d673e3a5fd5cb2b5b6eb7
WA,King County,53033,0.8370000000000001,6.652218748679362,744,choropleth-614d673e3a5fd5cb2b5b6eb7
WA,Skamania County,53059,0.397,-0.23628230602571193,151,choropleth-614d673e3a5fd5cb2b5b6eb7
OR,Clackamas County,41005,0.705,1.7400612727451226,453,choropleth-614d673e3a5fd5cb2b5b6eb7
OR,Hood River County,41027,0.872,0.8183179364442743,1283,choropleth-614d673e3a5fd5cb2b5b6eb7
IN,St. Joseph County,18141,0.607,0.6135802812191855,150,choropleth-614d673e3a5fd5cb2b5b6eb7
WI,Dane County,55025,0.853,3.6110367809045285,635,choropleth-614d673e3a5fd5cb2b5b6eb7
IA,Jackson County,19097,0.539,0.014387311748548447,196,choropleth-614d673e3a5fd5cb2b5b6eb7
IL,Jo Daviess County,17085,0.8059999999999999,0.6295308904225526,481,choropleth-614d673e3a5fd5cb2b5b6eb7
WI,Dane County,55025,0.853,3.6110367809045285,657,choropleth-614d673e3a5fd5cb2b5b6eb7
IL,Lake County,17097,0.813,3.569244908135006,143,choropleth-614d673e3a5fd5cb2b5b6eb7
IL,Lake County,17097,0.813,3.569244908135006,1088,choropleth-614d673e3a5fd5cb2b5b6eb7
WI,Oconto County,55083,0.542,0.02938280135284517,125,choropleth-614d673e3a5fd5cb2b5b6eb7
WI,Langlade County,55067,0.5489999999999999,0.03631112000313612,198,choropleth-614d673e3a5fd5cb2b5b6eb7
WI,Menominee County,55078,0.825,0.3129155840317629,612,choropleth-614d673e3a5fd5cb2b5b6eb7
WI,Iron County,55051,0.6809999999999999,0.1777392692006447,192,choropleth-614d673e3a5fd5cb2b5b6eb7
WI,Bayfield County,55007,0.846,0.6073562615625359,787,choropleth-614d673e3a5fd5cb2b5b6eb7
MN,Lake County,27075,0.6759999999999999,0.23479944710726497,297,choropleth-614d673e3a5fd5cb2b5b6eb7
MN,Cook County,27031,0.825,0.3425423946627654,685,choropleth-614d673e3a5fd5cb2b5b6eb7
NJ,Salem County,34033,0.574,0.1645107360743834,154,choropleth-614d673e3a5fd5cb2b5b6eb7
PA,Chester County,42029,0.8290000000000001,3.2876607727237332,850,choropleth-614d673e3a5fd5cb2b5b6eb7
PA,Montgomery County,42091,0.821,3.9869352901089874,694,choropleth-614d673e3a5fd5cb2b5b6eb7
MD,Frederick County,24021,0.809,2.185751291254418,593,choropleth-614d673e3a5fd5cb2b5b6eb7
MD,Montgomery County,24031,0.9109999999999999,5.732712717544451,1775,choropleth-614d673e3a5fd5cb2b5b6eb7
NY,Westchester County,36119,0.852,4.715614377651261,626,choropleth-614d673e3a5fd5cb2b5b6eb7
CT,Fairfield County,9001,0.8440000000000001,4.550574050993655,234,choropleth-614d673e3a5fd5cb2b5b6eb7
CT,New Haven County,9009,0.805,3.827783805059594,431,choropleth-614d673e3a5fd5cb2b5b6eb7
CT,Middlesex County,9007,0.856,2.026951332797907,145,choropleth-614d673e3a5fd5cb2b5b6eb7
CT,New London County,9011,0.812,2.2321706807855892,835,choropleth-614d673e3a5fd5cb2b5b6eb7
RI,Washington County,44009,0.8140000000000001,1.5593567931937728,151,choropleth-614d673e3a5fd5cb2b5b6eb7
RI,Washington County,44009,0.8140000000000001,1.5593567931937728,123,choropleth-614d673e3a5fd5cb2b5b6eb7
CT,New London County,9011,0.812,2.2321706807855892,509,choropleth-614d673e3a5fd5cb2b5b6eb7
CT,Middlesex County,9007,0.856,2.026951332797907,189,choropleth-614d673e3a5fd5cb2b5b6eb7
MA,Middlesex County,25017,0.8290000000000001,5.575573448376412,151,choropleth-614d673e3a5fd5cb2b5b6eb7
MA,Middlesex County,25017,0.8290000000000001,5.575573448376412,787,choropleth-614d673e3a5fd5cb2b5b6eb7
MA,Norfolk County,25021,0.823,3.716234617827968,380,choropleth-614d673e3a5fd5cb2b5b6eb7
NY,Saratoga County,36091,0.812,2.081885496481642,563,choropleth-614d673e3a5fd5cb2b5b6eb7
NY,Hamilton County,36041,0.846,0.33012858268473766,544,choropleth-614d673e3a5fd5cb2b5b6eb7
NY,Clinton County,36019,0.741,0.9312296251568872,200,choropleth-614d673e3a5fd5cb2b5b6eb7
VT,Grand Isle County,50013,0.843,0.4181235989871822,1161,choropleth-614d673e3a5fd5cb2b5b6eb7
ME,Oxford County,23017,0.705,0.6558588537598057,250,choropleth-614d673e3a5fd5cb2b5b6eb7
ME,Cumberland County,23005,0.909,3.135639767376557,697,choropleth-614d673e3a5fd5cb2b5b6eb7
ME,Androscoggin County,23001,0.723,0.9862555271865742,202,choropleth-614d673e3a5fd5cb2b5b6eb7
ME,Sagadahoc County,23023,0.826,0.8754982602664995,192,choropleth-614d673e3a5fd5cb2b5b6eb7
ME,Lincoln County,23015,0.836,0.8896291683934752,649,choropleth-614d673e3a5fd5cb2b5b6eb7
NC,Columbus County,37047,0.465,-0.2522566521800669,249,choropleth-614d673e3a5fd5cb2b5b6eb7
NC,Orange County,37135,0.8740000000000001,2.045277659450022,1091,choropleth-614d673e3a5fd5cb2b5b6eb7
FL,Sumter County,12119,0.8220000000000001,1.6451511377594141,922,choropleth-614d673e3a5fd5cb2b5b6eb7
FL,Monroe County,12087,0.802,1.1530956051828942,172,choropleth-614d673e3a5fd5cb2b5b6eb7
FL,Monroe County,12087,0.802,1.1530956051828942,563,choropleth-614d673e3a5fd5cb2b5b6eb7
FL,Miami-Dade County,12086,0.872,7.956152717577548,2968,choropleth-614d673e3a5fd5cb2b5b6eb7
TX,Cameron County,48061,0.8029999999999999,2.712705769937814,795,choropleth-614d673e3a5fd5cb2b5b6eb7
TX,Starr County,48427,0.95,1.6573217228595616,843,choropleth-614d673e3a5fd5cb2b5b6eb7
TX,Brooks County,48047,0.95,0.5558482580728833,562,choropleth-614d673e3a5fd5cb2b5b6eb7
TX,Jim Hogg County,48247,0.5760000000000001,0.04984415922478093,150,choropleth-614d673e3a5fd5cb2b5b6eb7
TX,Webb County,48479,0.95,3.357508558974346,716,choropleth-614d673e3a5fd5cb2b5b6eb7
TX,Maverick County,48323,0.95,1.5811178478764216,741,choropleth-614d673e3a5fd5cb2b5b6eb7
TX,Edwards County,48137,0.8690000000000001,0.23461695282119505,684,choropleth-614d673e3a5fd5cb2b5b6eb7
TX,Irion County,48235,0.95,0.2594843814464308,653,choropleth-614d673e3a5fd5cb2b5b6eb7
TX,Presidio County,48377,0.9470000000000001,0.5366193235317955,728,choropleth-614d673e3a5fd5cb2b5b6eb7
TX,Reeves County,48389,0.853,0.639807556706262,795,choropleth-614d673e3a5fd5cb2b5b6eb7
TX,El Paso County,48141,0.8420000000000001,4.28097622952601,858,choropleth-614d673e3a5fd5cb2b5b6eb7
NM,Hidalgo County,35023,0.601,0.0705145321444743,199,choropleth-614d673e3a5fd5cb2b5b6eb7
AZ,Santa Cruz County,4023,0.95,1.4097352702484813,721,choropleth-614d673e3a5fd5cb2b5b6eb7
AZ,Yuma County,4027,0.731,1.4367141459366077,126,choropleth-614d673e3a5fd5cb2b5b6eb7
CA,Imperial County,6025,0.95,2.739030604132357,1291,choropleth-614d673e3a5fd5cb2b5b6eb7
CA,Kern County,6029,0.55,0.2631669635558333,154,choropleth-614d673e3a5fd5cb2b5b6eb7
CA,Monterey County,6053,0.7490000000000001,2.2125158027803735,165,choropleth-614d673e3a5fd5cb2b5b6eb7
CA,Santa Cruz County,6087,0.805,2.209479767952157,457,choropleth-614d673e3a5fd5cb2b5b6eb7
CA,Santa Clara County,6085,0.885,7.072276594546258,482,choropleth-614d673e3a5fd5cb2b5b6eb7
CA,Alameda County,6001,0.847,5.983727166036781,1806,choropleth-614d673e3a5fd5cb2b5b6eb7
CA,Contra Costa County,6013,0.838,4.909438081428976,495,choropleth-614d673e3a5fd5cb2b5b6eb7
CA,Napa County,6055,0.8009999999999999,1.557758102072869,350,choropleth-614d673e3a5fd5cb2b5b6eb7
CA,Sonoma County,6097,0.8,2.8928714674001115,710,choropleth-614d673e3a5fd5cb2b5b6eb7
CA,Marin County,6041,0.914,2.981976509179489,743,choropleth-614d673e3a5fd5cb2b5b6eb7
CA,San Mateo County,6081,0.865,4.3888167434925895,153,choropleth-614d673e3a5fd5cb2b5b6eb7
CA,Santa Clara County,6085,0.885,7.072276594546258,252,choropleth-614d673e3a5fd5cb2b5b6eb7
CA,Santa Cruz County,6087,0.805,2.209479767952157,239,choropleth-614d673e3a5fd5cb2b5b6eb7
CA,Monterey County,6053,0.7490000000000001,2.2125158027803735,825,choropleth-614d673e3a5fd5cb2b5b6eb7
CA,Santa Clara County,6085,0.885,7.072276594546258,2932,choropleth-614d673e3a5fd5cb2b5b6eb7
WA,Cowlitz County,53015,0.604,0.37656783210250483,139,choropleth-614d673e3a5fd5cb2b5b6eb7
WA,Pierce County,53053,0.6809999999999999,2.1917922917297914,175,choropleth-614d673e3a5fd5cb2b5b6eb7
WA,King County,53033,0.8370000000000001,6.652218748679362,1953,choropleth-614d673e3a5fd5cb2b5b6eb7
MT,Flathead County,30029,0.439,-0.47668327802953414,312,choropleth-614d673e3a5fd5cb2b5b6eb7
MT,Glacier County,30035,0.8809999999999999,0.6454508952352388,543,choropleth-614d673e3a5fd5cb2b5b6eb7
MT,Blaine County,30005,0.882,0.452100797015514,577,choropleth-614d673e3a5fd5cb2b5b6eb7
MT,Garfield County,30033,0.19699999999999998,-0.1888584276960661,140,choropleth-614d673e3a5fd5cb2b5b6eb7
MT,McCone County,30055,0.18100000000000002,-0.22747238953776855,1002,choropleth-614d673e3a5fd5cb2b5b6eb7
MT,Rosebud County,30087,0.8640000000000001,0.49572733497704474,155,choropleth-614d673e3a5fd5cb2b5b6eb7
MT,Treasure County,30103,0.494,-0.01615141979069265,403,choropleth-614d673e3a5fd5cb2b5b6eb7
MT,Big Horn County,30003,0.92,0.7058057683028113,234,choropleth-614d673e3a5fd5cb2b5b6eb7
KS,Anderson County,20003,0.445,-0.12319675304765025,146,choropleth-614d673e3a5fd5cb2b5b6eb7
KS,Franklin County,20059,0.534,0.003787331951093066,150,choropleth-614d673e3a5fd5cb2b5b6eb7
KS,Johnson County,20091,0.8,3.181644473850418,719,choropleth-614d673e3a5fd5cb2b5b6eb7
KS,Clay County,20027,0.626,0.1328049439965313,200,choropleth-614d673e3a5fd5cb2b5b6eb7
KS,Geary County,20061,0.95,1.1666543782977032,3658,choropleth-614d673e3a5fd5cb2b5b6eb7
KS,Douglas County,20045,0.645,0.6213611197638385,250,choropleth-614d673e3a5fd5cb2b5b6eb7
KS,Johnson County,20091,0.8,3.181644473850418,554,choropleth-614d673e3a5fd5cb2b5b6eb7
MD,Prince George's County,24033,0.7759999999999999,3.5415168476924275,145,choropleth-614d673e3a5fd5cb2b5b6eb7
MD,Montgomery County,24031,0.9109999999999999,5.732712717544451,947,choropleth-614d673e3a5fd5cb2b5b6eb7
MD,Frederick County,24021,0.809,2.185751291254418,497,choropleth-614d673e3a5fd5cb2b5b6eb7
VA,Fairfax County,51059,0.799,4.3087125153043315,990,choropleth-614d673e3a5fd5cb2b5b6eb7
MD,Montgomery County,24031,0.9109999999999999,5.732712717544451,205,choropleth-614d673e3a5fd5cb2b5b6eb7
DC,District of Columbia,11001,0.779,3.1737326877306242,779,choropleth-614d673e3a5fd5cb2b5b6eb7
MD,Montgomery County,24031,0.9109999999999999,5.732712717544451,1010,choropleth-614d673e3a5fd5cb2b5b6eb7
WI,Jefferson County,55055,0.588,0.25622596263810143,275,choropleth-614d673e3a5fd5cb2b5b6eb7
WI,Dane County,55025,0.853,3.6110367809045285,760,choropleth-614d673e3a5fd5cb2b5b6eb7
IL,Jo Daviess County,17085,0.8059999999999999,0.6295308904225526,599,choropleth-614d673e3a5fd5cb2b5b6eb7
IL,McHenry County,17111,0.6859999999999999,1.334579011358237,376,choropleth-614d673e3a5fd5cb2b5b6eb7
IL,Lake County,17097,0.813,3.569244908135006,710,choropleth-614d673e3a5fd5cb2b5b6eb7
WI,Marinette County,55075,0.541,0.02711301405293667,192,choropleth-614d673e3a5fd5cb2b5b6eb7
WI,Door County,55029,0.807,0.7205017777424837,736,choropleth-614d673e3a5fd5cb2b5b6eb7
MI,Grand Traverse County,26055,0.677,0.6958603762822259,149,choropleth-614d673e3a5fd5cb2b5b6eb7
MI,Leelanau County,26089,0.8320000000000001,0.6973502002733729,574,choropleth-614d673e3a5fd5cb2b5b6eb7
WI,Oconto County,55083,0.542,0.02938280135284517,200,choropleth-614d673e3a5fd5cb2b5b6eb7
WI,Shawano County,55115,0.546,0.04336472890129991,224,choropleth-614d673e3a5fd5cb2b5b6eb7
WI,Langlade County,55067,0.5489999999999999,0.03631112000313612,392,choropleth-614d673e3a5fd5cb2b5b6eb7
WI,Menominee County,55078,0.825,0.3129155840317629,495,choropleth-614d673e3a5fd5cb2b5b6eb7
WI,Bayfield County,55007,0.846,0.6073562615625359,641,choropleth-614d673e3a5fd5cb2b5b6eb7
MN,Lake County,27075,0.6759999999999999,0.23479944710726497,693,choropleth-614d673e3a5fd5cb2b5b6eb7
MN,Cook County,27031,0.825,0.3425423946627654,201,choropleth-614d673e3a5fd5cb2b5b6eb7
MN,Cook County,27031,0.825,0.3425423946627654,875,choropleth-614d673e3a5fd5cb2b5b6eb7
NJ,Somerset County,34035,0.785,2.245424122224762,200,choropleth-614d673e3a5fd5cb2b5b6eb7
NJ,Essex County,34013,0.753,3.026399852666235,130,choropleth-614d673e3a5fd5cb2b5b6eb7
NJ,Bergen County,34003,0.8,3.919191883756718,697,choropleth-614d673e3a5fd5cb2b5b6eb7
NY,Westchester County,36119,0.852,4.715614377651261,591,choropleth-614d673e3a5fd5cb2b5b6eb7
CT,Fairfield County,9001,0.8440000000000001,4.550574050993655,2058,choropleth-614d673e3a5fd5cb2b5b6eb7
CT,New Haven County,9009,0.805,3.827783805059594,548,choropleth-614d673e3a5fd5cb2b5b6eb7
CT,Middlesex County,9007,0.856,2.026951332797907,543,choropleth-614d673e3a5fd5cb2b5b6eb7
CT,New London County,9011,0.812,2.2321706807855892,832,choropleth-614d673e3a5fd5cb2b5b6eb7
CT,New London County,9011,0.812,2.2321706807855892,473,choropleth-614d673e3a5fd5cb2b5b6eb7
RI,Washington County,44009,0.8140000000000001,1.5593567931937728,1142,choropleth-614d673e3a5fd5cb2b5b6eb7
MA,Norfolk County,25021,0.823,3.716234617827968,199,choropleth-614d673e3a5fd5cb2b5b6eb7
MA,Middlesex County,25017,0.8290000000000001,5.575573448376412,1282,choropleth-614d673e3a5fd5cb2b5b6eb7
NH,Rockingham County,33015,0.6659999999999999,1.1666526857233712,170,choropleth-614d673e3a5fd5cb2b5b6eb7
MA,Middlesex County,25017,0.8290000000000001,5.575573448376412,1159,choropleth-614d673e3a5fd5cb2b5b6eb7
MA,Norfolk County,25021,0.823,3.716234617827968,168,choropleth-614d673e3a5fd5cb2b5b6eb7
MA,Bristol County,25005,0.6859999999999999,1.7988860078047486,563,choropleth-614d673e3a5fd5cb2b5b6eb7
MA,Norfolk County,25021,0.823,3.716234617827968,783,choropleth-614d673e3a5fd5cb2b5b6eb7
MA,Bristol County,25005,0.6859999999999999,1.7988860078047486,884,choropleth-614d673e3a5fd5cb2b5b6eb7
MA,Norfolk County,25021,0.823,3.716234617827968,602,choropleth-614d673e3a5fd5cb2b5b6eb7
MA,Middlesex County,25017,0.8290000000000001,5.575573448376412,1699,choropleth-614d673e3a5fd5cb2b5b6eb7
NC,Orange County,37135,0.8740000000000001,2.045277659450022,723,choropleth-614d673e3a5fd5cb2b5b6eb7
VA,Prince George County,51149,0.536,0.010868526320066236,322,choropleth-614d673e3a5fd5cb2b5b6eb7
VA,Charles City County,51036,0.8170000000000001,0.3760090270743509,618,choropleth-614d673e3a5fd5cb2b5b6eb7
VA,Fairfax County,51059,0.799,4.3087125153043315,200,choropleth-614d673e3a5fd5cb2b5b6eb7
VA,Arlington County,51013,0.742,1.5931285094639316,499,choropleth-614d673e3a5fd5cb2b5b6eb7
MD,Montgomery County,24031,0.9109999999999999,5.732712717544451,304,choropleth-614d673e3a5fd5cb2b5b6eb7
MD,Frederick County,24021,0.809,2.185751291254418,515,choropleth-614d673e3a5fd5cb2b5b6eb7
MD,Montgomery County,24031,0.9109999999999999,5.732712717544451,3620,choropleth-614d673e3a5fd5cb2b5b6eb7
MA,Middlesex County,25017,0.8290000000000001,5.575573448376412,769,choropleth-614d673e3a5fd5cb2b5b6eb7
PA,Lycoming County,42081,0.544,0.06146502803912266,200,choropleth-614d673e3a5fd5cb2b5b6eb7
PA,Montour County,42093,0.8190000000000001,0.6111372909159659,149,choropleth-614d673e3a5fd5cb2b5b6eb7
PA,Northumberland County,42097,0.594,0.2938102261058517,257,choropleth-614d673e3a5fd5cb2b5b6eb7
PA,Montour County,42093,0.8190000000000001,0.6111372909159659,340,choropleth-614d673e3a5fd5cb2b5b6eb7
NY,Cayuga County,36011,0.605,0.31792834126729874,266,choropleth-614d673e3a5fd5cb2b5b6eb7
NY,Tompkins County,36109,0.821,1.4435120439494178,604,choropleth-614d673e3a5fd5cb2b5b6eb7
NY,Hamilton County,36041,0.846,0.33012858268473766,618,choropleth-614d673e3a5fd5cb2b5b6eb7
NY,Saratoga County,36091,0.812,2.081885496481642,1042,choropleth-614d673e3a5fd5cb2b5b6eb7
ME,Lincoln County,23015,0.836,0.8896291683934752,164,choropleth-614d673e3a5fd5cb2b5b6eb7
ME,Knox County,23013,0.867,1.0488597876503134,530,choropleth-614d673e3a5fd5cb2b5b6eb7
ME,Sagadahoc County,23023,0.826,0.8754982602664995,308,choropleth-614d673e3a5fd5cb2b5b6eb7
ME,Androscoggin County,23001,0.723,0.9862555271865742,177,choropleth-614d673e3a5fd5cb2b5b6eb7
ME,Cumberland County,23005,0.909,3.135639767376557,510,choropleth-614d673e3a5fd5cb2b5b6eb7
RI,Washington County,44009,0.8140000000000001,1.5593567931937728,801,choropleth-614d673e3a5fd5cb2b5b6eb7
CT,New London County,9011,0.812,2.2321706807855892,493,choropleth-614d673e3a5fd5cb2b5b6eb7
CT,Middlesex County,9007,0.856,2.026951332797907,149,choropleth-614d673e3a5fd5cb2b5b6eb7
CT,New Haven County,9009,0.805,3.827783805059594,424,choropleth-614d673e3a5fd5cb2b5b6eb7
CT,Fairfield County,9001,0.8440000000000001,4.550574050993655,967,choropleth-614d673e3a5fd5cb2b5b6eb7
NY,Westchester County,36119,0.852,4.715614377651261,595,choropleth-614d673e3a5fd5cb2b5b6eb7
PA,Montgomery County,42091,0.821,3.9869352901089874,478,choropleth-614d673e3a5fd5cb2b5b6eb7
PA,Chester County,42029,0.8290000000000001,3.2876607727237332,539,choropleth-614d673e3a5fd5cb2b5b6eb7
VA,Southampton County,51175,0.375,-0.3314226938658142,219,choropleth-614d673e3a5fd5cb2b5b6eb7
VA,Charles City County,51036,0.8170000000000001,0.3760090270743509,424,choropleth-614d673e3a5fd5cb2b5b6eb7
VA,Charles City County,51036,0.8170000000000001,0.3760090270743509,328,choropleth-614d673e3a5fd5cb2b5b6eb7
NC,Orange County,37135,0.8740000000000001,2.045277659450022,569,choropleth-614d673e3a5fd5cb2b5b6eb7
NC,Wake County,37183,0.794,4.169579437543396,201,choropleth-614d673e3a5fd5cb2b5b6eb7
NC,Hyde County,37095,0.685,0.1700796199164783,547,choropleth-614d673e3a5fd5cb2b5b6eb7
NC,Dare County,37055,0.807,0.8322773273538606,958,choropleth-614d673e3a5fd5cb2b5b6eb7
GA,Chattahoochee County,13053,0.95,0.6882884060717733,886,choropleth-614d673e3a5fd5cb2b5b6eb7
LA,Pointe Coupee Parish,22077,0.564,0.07376058564782016,190,choropleth-614d673e3a5fd5cb2b5b6eb7
LA,West Feliciana Parish,22125,0.903,0.7294071267377568,809,choropleth-614d673e3a5fd5cb2b5b6eb7
FL,Miami-Dade County,12086,0.872,7.956152717577548,710,choropleth-614d673e3a5fd5cb2b5b6eb7
FL,Monroe County,12087,0.802,1.1530956051828942,623,choropleth-614d673e3a5fd5cb2b5b6eb7
FL,Sumter County,12119,0.8220000000000001,1.6451511377594141,205,choropleth-614d673e3a5fd5cb2b5b6eb7
FL,Sumter County,12119,0.8220000000000001,1.6451511377594141,602,choropleth-614d673e3a5fd5cb2b5b6eb7
TX,Hidalgo County,48215,0.7829999999999999,3.560142685037542,153,choropleth-614d673e3a5fd5cb2b5b6eb7
TX,Cameron County,48061,0.8029999999999999,2.712705769937814,488,choropleth-614d673e3a5fd5cb2b5b6eb7
TX,Starr County,48427,0.95,1.6573217228595616,818,choropleth-614d673e3a5fd5cb2b5b6eb7
TX,Brooks County,48047,0.95,0.5558482580728833,601,choropleth-614d673e3a5fd5cb2b5b6eb7
TX,Zapata County,48505,0.606,0.1389549565961703,226,choropleth-614d673e3a5fd5cb2b5b6eb7
TX,Webb County,48479,0.95,3.357508558974346,594,choropleth-614d673e3a5fd5cb2b5b6eb7
TX,Presidio County,48377,0.9470000000000001,0.5366193235317955,979,choropleth-614d673e3a5fd5cb2b5b6eb7
TX,Reeves County,48389,0.853,0.639807556706262,644,choropleth-614d673e3a5fd5cb2b5b6eb7
TX,Irion County,48235,0.95,0.2594843814464308,727,choropleth-614d673e3a5fd5cb2b5b6eb7
TX,Comal County,48091,0.629,0.6025789237732907,213,choropleth-614d673e3a5fd5cb2b5b6eb7
TX,Kendall County,48259,0.62,0.3020415566079626,152,choropleth-614d673e3a5fd5cb2b5b6eb7
TX,Edwards County,48137,0.8690000000000001,0.23461695282119505,501,choropleth-614d673e3a5fd5cb2b5b6eb7
TX,Maverick County,48323,0.95,1.5811178478764216,696,choropleth-614d673e3a5fd5cb2b5b6eb7
UT,San Juan County,49037,0.667,0.2638762799020847,178,choropleth-614d673e3a5fd5cb2b5b6eb7
CO,San Miguel County,8113,0.853,0.45868424542779646,524,choropleth-614d673e3a5fd5cb2b5b6eb7
CO,San Juan County,8111,0.95,0.17879280666228267,241,choropleth-614d673e3a5fd5cb2b5b6eb7
CO,Mineral County,8079,0.871,0.14903307852593034,338,choropleth-614d673e3a5fd5cb2b5b6eb7
CO,Gunnison County,8051,0.706,0.363173915950218,403,choropleth-614d673e3a5fd5cb2b5b6eb7
CO,Pitkin County,8097,0.857,0.6828199187561653,125,choropleth-614d673e3a5fd5cb2b5b6eb7
CO,Eagle County,8037,0.8440000000000001,1.1486470773394435,583,choropleth-614d673e3a5fd5cb2b5b6eb7
CO,Grand County,8049,0.644,0.22187048337499737,434,choropleth-614d673e3a5fd5cb2b5b6eb7
UT,Uintah County,49047,0.445,-0.26233135510218236,152,choropleth-614d673e3a5fd5cb2b5b6eb7
UT,Summit County,49043,0.9079999999999999,1.2098519010784023,545,choropleth-614d673e3a5fd5cb2b5b6eb7
WA,Yakima County,53077,0.643,0.8718671911256166,127,choropleth-614d673e3a5fd5cb2b5b6eb7
WA,Pierce County,53053,0.6809999999999999,2.1917922917297914,142,choropleth-614d673e3a5fd5cb2b5b6eb7
WA,King County,53033,0.8370000000000001,6.652218748679362,548,choropleth-614d673e3a5fd5cb2b5b6eb7
WA,Lewis County,53041,0.527,-0.02488056018137225,342,choropleth-614d673e3a5fd5cb2b5b6eb7
OR,Hood River County,41027,0.872,0.8183179364442743,734,choropleth-614d673e3a5fd5cb2b5b6eb7
WA,King County,53033,0.8370000000000001,6.652218748679362,4078,choropleth-614d673e3a5fd5cb2b5b6eb7
ID,Cassia County,16031,0.44299999999999995,-0.22013720435418085,199,choropleth-614d673e3a5fd5cb2b5b6eb7
MT,Glacier County,30035,0.8809999999999999,0.6454508952352388,637,choropleth-614d673e3a5fd5cb2b5b6eb7
PA,Erie County,42049,0.619,0.7089344750913398,569,choropleth-614d673e3a5fd5cb2b5b6eb7
IL,Stephenson County,17177,0.623,0.3025835762104251,147,choropleth-614d673e3a5fd5cb2b5b6eb7
WI,Dane County,55025,0.853,3.6110367809045285,474,choropleth-614d673e3a5fd5cb2b5b6eb7
IL,Jo Daviess County,17085,0.8059999999999999,0.6295308904225526,622,choropleth-614d673e3a5fd5cb2b5b6eb7
WI,Bayfield County,55007,0.846,0.6073562615625359,419,choropleth-614d673e3a5fd5cb2b5b6eb7
MN,Cook County,27031,0.825,0.3425423946627654,513,choropleth-614d673e3a5fd5cb2b5b6eb7
MD,Charles County,24017,0.73,1.2518051898524714,133,choropleth-614d673e3a5fd5cb2b5b6eb7
MD,Montgomery County,24031,0.9109999999999999,5.732712717544451,399,choropleth-614d673e3a5fd5cb2b5b6eb7
MD,Howard County,24027,0.888,3.111876873391874,606,choropleth-614d673e3a5fd5cb2b5b6eb7
MD,Montgomery County,24031,0.9109999999999999,5.732712717544451,2292,choropleth-614d673e3a5fd5cb2b5b6eb7
MD,Frederick County,24021,0.809,2.185751291254418,650,choropleth-614d673e3a5fd5cb2b5b6eb7
RI,Washington County,44009,0.8140000000000001,1.5593567931937728,416,choropleth-614d673e3a5fd5cb2b5b6eb7
CT,New London County,9011,0.812,2.2321706807855892,667,choropleth-614d673e3a5fd5cb2b5b6eb7
PA,Bucks County,42017,0.774,2.942449513892014,721,choropleth-614d673e3a5fd5cb2b5b6eb7
PA,Montgomery County,42091,0.821,3.9869352901089874,415,choropleth-614d673e3a5fd5cb2b5b6eb7
PA,Chester County,42029,0.8290000000000001,3.2876607727237332,293,choropleth-614d673e3a5fd5cb2b5b6eb7
PA,Chester County,42029,0.8290000000000001,3.2876607727237332,594,choropleth-614d673e3a5fd5cb2b5b6eb7
PA,Berks County,42011,0.63,0.9953882076986394,232,choropleth-614d673e3a5fd5cb2b5b6eb7
PA,Montgomery County,42091,0.821,3.9869352901089874,141,choropleth-614d673e3a5fd5cb2b5b6eb7
PA,Bucks County,42017,0.774,2.942449513892014,489,choropleth-614d673e3a5fd5cb2b5b6eb7
NJ,Bergen County,34003,0.8,3.919191883756718,194,choropleth-614d673e3a5fd5cb2b5b6eb7
NY,Nassau County,36059,0.85,5.485912176619756,489,choropleth-614d673e3a5fd5cb2b5b6eb7
NY,Queens County,36081,0.8909999999999999,7.690449792773259,3798,choropleth-614d673e3a5fd5cb2b5b6eb7
ID,Cassia County,16031,0.44299999999999995,-0.22013720435418085,204,choropleth-6276c45b511cf61747c77f7b
NM,Catron County,35003,0.473,-0.05616617951549785,372,choropleth-6276c45b511cf61747c77f7b
UT,San Juan County,49037,0.667,0.2638762799020847,180,choropleth-6276c45b511cf61747c77f7b
AZ,Navajo County,4017,0.8079999999999999,1.4363523984361974,1986,choropleth-6276c45b511cf61747c77f7b
NM,Union County,35059,0.457,-0.07643784319431156,283,choropleth-6276c45b511cf61747c77f7b
NM,Union County,35059,0.457,-0.07643784319431156,514,choropleth-6276c45b511cf61747c77f7b
NM,McKinley County,35031,0.95,1.739843105951271,132,choropleth-6276c45b511cf61747c77f7b
CA,Inyo County,6027,UNK,748,choropleth-6276c45b511cf61747c77f7b
CA,San Bernardino County,6071,0.593,1.3987943703044003,314,choropleth-6276c45b511cf61747c77f7b
CA,San Joaquin County,6077,0.617,1.1583528937427006,168,choropleth-6276c45b511cf61747c77f7b
CA,Santa Clara County,6085,0.885,7.072276594546258,813,choropleth-6276c45b511cf61747c77f7b
AZ,Navajo County,4017,0.8079999999999999,1.4363523984361974,528,choropleth-6276c45b511cf61747c77f7b
AZ,Apache County,4001,0.95,1.7460433431494484,523,choropleth-6276c45b511cf61747c77f7b
AZ,Navajo County,4017,0.8079999999999999,1.4363523984361974,201,choropleth-6276c45b511cf61747c77f7b
AZ,Coconino County,4005,0.8,1.5834475233116283,517,choropleth-6276c45b511cf61747c77f7b
AZ,Apache County,4001,0.95,1.7460433431494484,2099,choropleth-6276c45b511cf61747c77f7b
CA,Kern County,6029,0.55,0.2631669635558333,166,choropleth-6276c45b511cf61747c77f7b
CA,Fresno County,6019,0.63,1.523954742086086,154,choropleth-6276c45b511cf61747c77f7b
CA,Santa Clara County,6085,0.885,7.072276594546258,657,choropleth-6276c45b511cf61747c77f7b
CA,Santa Cruz County,6087,0.805,2.209479767952157,781,choropleth-6276c45b511cf61747c77f7b
CA,Santa Clara County,6085,0.885,7.072276594546258,540,choropleth-6276c45b511cf61747c77f7b
CA,Alameda County,6001,0.847,5.983727166036781,633,choropleth-6276c45b511cf61747c77f7b
CA,Marin County,6041,0.914,2.981976509179489,333,choropleth-6276c45b511cf61747c77f7b
CA,Sonoma County,6097,0.8,2.8928714674001115,541,choropleth-6276c45b511cf61747c77f7b
CA,Marin County,6041,0.914,2.981976509179489,790,choropleth-6276c45b511cf61747c77f7b
WY,Fremont County,56013,0.545,0.03933962904635249,134,choropleth-6276c45b511cf61747c77f7b
WY,Hot Springs County,56017,0.507,-0.02693842242985527,148,choropleth-6276c45b511cf61747c77f7b
WY,Teton County,56039,0.95,1.0060044399252084,650,choropleth-6276c45b511cf61747c77f7b
MT,Big Horn County,30003,0.92,0.7058057683028113,610,choropleth-6276c45b511cf61747c77f7b
MT,Treasure County,30103,0.494,-0.01615141979069265,572,choropleth-6276c45b511cf61747c77f7b
MT,Big Horn County,30003,0.92,0.7058057683028113,416,choropleth-6276c45b511cf61747c77f7b
WY,Park County,56029,0.473,-0.16141630243489313,133,choropleth-6276c45b511cf61747c77f7b
WY,Teton County,56039,0.95,1.0060044399252084,2165,choropleth-6276c45b511cf61747c77f7b
ID,Bonneville County,16019,0.5489999999999999,0.09039929780559271,124,choropleth-6276c45b511cf61747c77f7b
ID,Butte County,16023,0.503,-0.02390630880312142,166,choropleth-6276c45b511cf61747c77f7b
ID,Blaine County,16013,0.8420000000000001,0.7408524119881698,1181,choropleth-6276c45b511cf61747c77f7b
ID,Blaine County,16013,0.8420000000000001,0.7408524119881698,362,choropleth-6276c45b511cf61747c77f7b
MT,Garfield County,30033,0.19699999999999998,-0.1888584276960661,214,choropleth-6276c45b511cf61747c77f7b
MT,Valley County,30105,0.484,-0.06629280450824408,134,choropleth-6276c45b511cf61747c77f7b
MT,Phillips County,30071,0.456,-0.07644181760920502,647,choropleth-6276c45b511cf61747c77f7b
MT,Blaine County,30005,0.882,0.452100797015514,555,choropleth-6276c45b511cf61747c77f7b
MT,Valley County,30105,0.484,-0.06629280450824408,251,choropleth-6276c45b511cf61747c77f7b
MT,Roosevelt County,30085,0.863,0.5481069270820483,686,choropleth-6276c45b511cf61747c77f7b
MT,Chouteau County,30015,0.34,-0.22924805754063493,147,choropleth-6276c45b511cf61747c77f7b
MT,Glacier County,30035,0.8809999999999999,0.6454508952352388,392,choropleth-6276c45b511cf61747c77f7b
WA,Snohomish County,53061,0.726,2.7049347554158634,126,choropleth-6276c45b511cf61747c77f7b
WA,King County,53033,0.8370000000000001,6.652218748679362,333,choropleth-6276c45b511cf61747c77f7b
ID,Power County,16077,0.524,-0.01185617884470523,340,choropleth-6276c45b511cf61747c77f7b
ID,Blaine County,16013,0.8420000000000001,0.7408524119881698,506,choropleth-6276c45b511cf61747c77f7b
ID,Butte County,16023,0.503,-0.02390630880312142,200,choropleth-6276c45b511cf61747c77f7b
SD,Ziebach County,46137,0.376,-0.13047764937674927,178,choropleth-6276c45b511cf61747c77f7b
SD,Ziebach County,46137,0.376,-0.13047764937674927,293,choropleth-6276c45b511cf61747c77f7b
SD,Dewey County,46041,0.8170000000000001,0.3459952796455294,607,choropleth-6276c45b511cf61747c77f7b
SD,Pennington County,46103,0.613,0.42978591026594537,124,choropleth-6276c45b511cf61747c77f7b
SD,Oglala Lakota County,46102,0.87,0.634713718531353,410,choropleth-6276c45b511cf61747c77f7b
IA,Marshall County,19127,0.6779999999999999,0.45684557900617795,165,choropleth-6276c45b511cf61747c77f7b
IA,Marshall County,19127,0.6779999999999999,0.45684557900617795,334,choropleth-6276c45b511cf61747c77f7b
WI,Dane County,55025,0.853,3.6110367809045285,599,choropleth-6276c45b511cf61747c77f7b
WI,Bayfield County,55007,0.846,0.6073562615625359,536,choropleth-6276c45b511cf61747c77f7b
IL,Whiteside County,17195,0.591,0.21798038809717338,391,choropleth-6276c45b511cf61747c77f7b
IL,Jo Daviess County,17085,0.8059999999999999,0.6295308904225526,383,choropleth-6276c45b511cf61747c77f7b
IN,Montgomery County,18107,0.475,-0.1787268631369065,182,choropleth-6276c45b511cf61747c77f7b
IN,Montgomery County,18107,0.475,-0.1787268631369065,128,choropleth-6276c45b511cf61747c77f7b
MD,Prince George's County,24033,0.7759999999999999,3.5415168476924275,248,choropleth-6276c45b511cf61747c77f7b
MD,Montgomery County,24031,0.9109999999999999,5.732712717544451,584,choropleth-6276c45b511cf61747c77f7b
MD,Frederick County,24021,0.809,2.185751291254418,548,choropleth-6276c45b511cf61747c77f7b
NY,Dutchess County,36027,0.723,1.614206076095639,335,choropleth-6276c45b511cf61747c77f7b
CT,Litchfield County,9005,0.773,1.5958023858963726,262,choropleth-6276c45b511cf61747c77f7b
CT,Fairfield County,9001,0.8440000000000001,4.550574050993655,481,choropleth-6276c45b511cf61747c77f7b
CT,New Haven County,9009,0.805,3.827783805059594,436,choropleth-6276c45b511cf61747c77f7b
CT,Middlesex County,9007,0.856,2.026951332797907,432,choropleth-6276c45b511cf61747c77f7b
CT,New London County,9011,0.812,2.2321706807855892,134,choropleth-6276c45b511cf61747c77f7b
ME,York County,23031,0.8220000000000001,2.0502675654977183,634,choropleth-6276c45b511cf61747c77f7b
ME,Cumberland County,23005,0.909,3.135639767376557,1097,choropleth-6276c45b511cf61747c77f7b
ME,York County,23031,0.8220000000000001,2.0502675654977183,752,choropleth-6276c45b511cf61747c77f7b
MA,Middlesex County,25017,0.8290000000000001,5.575573448376412,199,choropleth-6276c45b511cf61747c77f7b
NY,Warren County,36113,0.7929999999999999,1.035857053963311,183,choropleth-6276c45b511cf61747c77f7b
NY,Broome County,36007,0.6509999999999999,0.8152416162554635,337,choropleth-6276c45b511cf61747c77f7b
NY,Tioga County,36107,0.624,0.3183556112928416,127,choropleth-6276c45b511cf61747c77f7b
NY,Tompkins County,36109,0.821,1.4435120439494178,1700,choropleth-6276c45b511cf61747c77f7b
ME,Knox County,23013,0.867,1.0488597876503134,534,choropleth-6276c45b511cf61747c77f7b
ME,Lincoln County,23015,0.836,0.8896291683934752,639,choropleth-6276c45b511cf61747c77f7b
ME,Sagadahoc County,23023,0.826,0.8754982602664995,247,choropleth-6276c45b511cf61747c77f7b
NC,Dare County,37055,0.807,0.8322773273538606,866,choropleth-6276c45b511cf61747c77f7b
NC,Bertie County,37015,0.5379999999999999,0.012015791738165154,143,choropleth-6276c45b511cf61747c77f7b
NC,Wake County,37183,0.794,4.169579437543396,233,choropleth-6276c45b511cf61747c77f7b
NC,Durham County,37063,0.775,2.134796356620571,156,choropleth-6276c45b511cf61747c77f7b
NC,Orange County,37135,0.8740000000000001,2.045277659450022,808,choropleth-6276c45b511cf61747c77f7b
GA,Hart County,13147,0.391,-0.36288525653561754,183,choropleth-6276c45b511cf61747c77f7b
GA,Hart County,13147,0.391,-0.36288525653561754,217,choropleth-6276c45b511cf61747c77f7b
FL,Sumter County,12119,0.8220000000000001,1.6451511377594141,1179,choropleth-6276c45b511cf61747c77f7b
FL,Miami-Dade County,12086,0.872,7.956152717577548,515,choropleth-6276c45b511cf61747c77f7b
FL,Monroe County,12087,0.802,1.1530956051828942,625,choropleth-6276c45b511cf61747c77f7b
FL,Miami-Dade County,12086,0.872,7.956152717577548,665,choropleth-6276c45b511cf61747c77f7b
TX,Cameron County,48061,0.8029999999999999,2.712705769937814,901,choropleth-6276c45b511cf61747c77f7b
TX,Hidalgo County,48215,0.7829999999999999,3.560142685037542,215,choropleth-6276c45b511cf61747c77f7b
TX,Starr County,48427,0.95,1.6573217228595616,538,choropleth-6276c45b511cf61747c77f7b
TX,Brooks County,48047,0.95,0.5558482580728833,715,choropleth-6276c45b511cf61747c77f7b
TX,Starr County,48427,0.95,1.6573217228595616,763,choropleth-6276c45b511cf61747c77f7b
TX,Brooks County,48047,0.95,0.5558482580728833,2777,choropleth-6276c45b511cf61747c77f7b
TX,Starr County,48427,0.95,1.6573217228595616,2248,choropleth-6276c45b511cf61747c77f7b
TX,Brooks County,48047,0.95,0.5558482580728833,161,choropleth-6276c45b511cf61747c77f7b
TX,Webb County,48479,0.95,3.357508558974346,1503,choropleth-6276c45b511cf61747c77f7b
TX,Dimmit County,48127,0.703,0.27201210387953423,504,choropleth-6276c45b511cf61747c77f7b
TX,Maverick County,48323,0.95,1.5811178478764216,1287,choropleth-6276c45b511cf61747c77f7b
AZ,Apache County,4001,0.95,1.7460433431494484,186,choropleth-62ad5a6ad26d2fcf250d3839
AZ,Coconino County,4005,0.8,1.5834475233116283,2345,choropleth-62ad5a6ad26d2fcf250d3839
AZ,Navajo County,4017,0.8079999999999999,1.4363523984361974,641,choropleth-62ad5a6ad26d2fcf250d3839
AZ,Apache County,4001,0.95,1.7460433431494484,744,choropleth-62ad5a6ad26d2fcf250d3839
NM,McKinley County,35031,0.95,1.739843105951271,913,choropleth-62ad5a6ad26d2fcf250d3839
NM,Sandoval County,35043,0.743,1.2647639173890435,129,choropleth-62ad5a6ad26d2fcf250d3839
NM,Rio Arriba County,35039,0.816,0.881017225115326,797,choropleth-62ad5a6ad26d2fcf250d3839
NM,McKinley County,35031,0.95,1.739843105951271,1440,choropleth-62ad5a6ad26d2fcf250d3839
AZ,Apache County,4001,0.95,1.7460433431494484,1287,choropleth-62ad5a6ad26d2fcf250d3839
AZ,Navajo County,4017,0.8079999999999999,1.4363523984361974,2928,choropleth-62ad5a6ad26d2fcf250d3839
WY,Sheridan County,56033,0.544,0.03189206771588002,161,choropleth-62ad5a6ad26d2fcf250d3839
MT,Big Horn County,30003,0.92,0.7058057683028113,2363,choropleth-62ad5a6ad26d2fcf250d3839
MT,Carter County,30011,0.319,-0.11998384474494776,146,choropleth-62ad5a6ad26d2fcf250d3839
MT,Rosebud County,30087,0.8640000000000001,0.49572733497704474,1436,choropleth-62ad5a6ad26d2fcf250d3839
LA,La Salle Parish,22059,0.46799999999999997,-0.12501999707883393,979,choropleth-62ad5a6ad26d2fcf250d3839
AZ,Mohave County,4015,0.429,-0.7521431050576992,183,choropleth-62cf8b6eac8db5ea98343fbe
AZ,Coconino County,4005,0.8,1.5834475233116283,162,choropleth-62cf8b6eac8db5ea98343fbe
KS,Greeley County,20071,0.524,-0.004747819856050635,175,choropleth-62cf8b6eac8db5ea98343fbe
CO,Kit Carson County,8063,0.39799999999999996,-0.17985479465784152,1424,choropleth-62cf8b6eac8db5ea98343fbe
CO,Lincoln County,8073,0.37,-0.19472349812178782,4844,choropleth-62cf8b6eac8db5ea98343fbe
TX,Atascosa County,48013,0.527,-0.019808728548363255,221,choropleth-62cf8b6eac8db5ea98343fbe
TX,Karnes County,48255,0.557,0.048618281149506185,936,choropleth-62cf8b6eac8db5ea98343fbe
NM,McKinley County,35031,0.95,1.739843105951271,219,choropleth-62cf8b6eac8db5ea98343fbe
AZ,Coconino County,4005,0.8,1.5834475233116283,2605,choropleth-62cf8b6eac8db5ea98343fbe
AZ,Apache County,4001,0.95,1.7460433431494484,371,choropleth-62cf8b6eac8db5ea98343fbe
AZ,Navajo County,4017,0.8079999999999999,1.4363523984361974,2839,choropleth-62cf8b6eac8db5ea98343fbe
NM,McKinley County,35031,0.95,1.739843105951271,2343,choropleth-62cf8b6eac8db5ea98343fbe
NM,Sandoval County,35043,0.743,1.2647639173890435,540,choropleth-62cf8b6eac8db5ea98343fbe
NM,Rio Arriba County,35039,0.816,0.881017225115326,1076,choropleth-62cf8b6eac8db5ea98343fbe
WY,Park County,56029,0.473,-0.16141630243489313,1176,choropleth-62cf8b6eac8db5ea98343fbe
NM,Taos County,35055,0.8540000000000001,0.9157604068134019,2711,choropleth-62cf8b6eac8db5ea98343fbe
NM,Lincoln County,35027,0.604,0.1587801299336444,840,choropleth-62cf8b6eac8db5ea98343fbe
NM,McKinley County,35031,0.95,1.739843105951271,1428,choropleth-62cf8b6eac8db5ea98343fbe
NM,Grant County,35017,0.715,0.47444026627668023,183,choropleth-62cf8b6eac8db5ea98343fbe
TX,Brewster County,48043,0.561,0.04344218803325271,353,choropleth-62cf8b6eac8db5ea98343fbe
TX,Presidio County,48377,0.9470000000000001,0.5366193235317955,1663,choropleth-62cf8b6eac8db5ea98343fbe
